File ID,Vehicle 1 Manufacturer,Vehicle 1 Business Name,Date,Time,Vehicle 1 Year of Manufacturing,Vehicle 1 Make,Vehicle 1 Model,Location of Accident,City of Accident,County of Accident,State of Accident,ZIPCODE of Accident,Vehicle 1 was Moving,Vehicle 1 was Stopped in Traffic,Pedestrian Involved in Accident (w V1),Bicyclist involved in Accident (w V1),Any other involved entity (w V1),Number of Vehicles involved in Accident (w V1),Vehicle Damage,RB,LR1,LR2,LR3,RR1,RR2,RR3,LRP1,LRP2,LRP3,LRP4,RRP1,RRP2,RRP3,RRP4,FDS1,FDS2,FDS3,FDS4,FPS1,FPS2,FPS3,FPS4,LFC1,LFC2,LFC3,RFC1,RFC2,RFC3,FB,Vehicle 2 Model,Vehicle 2 Year of Manufacturing,Vehicle 2 was Moving,Vehicle 2 was Stopped in Traffic,Pedestrian Involved in Accident (w V2),Bicyclist involved in Accident (w V2),Any other involved entity (w V2),Property Damage,Property Owner's Details,Number of Vehicles involved in Accident (w V2),Car Mode,Description,Weather Vehicle 1,Weather Vehicle 2,Lighting Vehicle 1,Lighting Vehicle 2,Roadway Surface Vehicle 1,Roadway Surface Vehicle 2,Roadway Conditions Vehicle 1,Roadway Conditions Vehicle 2,Movement Preceding Collision Vehicle 1,Movement Preceding Collision Vehicle 2,Type of Collison Vehicle 1,Type of Collison Vehicle 2,Other Factors,Lat1,Lng1,Lat2,Lng2,Lat3,Lng3
aimotive-collision-report-september-16-2019.pdf,"Aimotive, Inc","Aimotive, Inc.",09/16/2019,10:00 AM,2010,Toyota,Prius,CA,"SB, 101 US Freeway, Old Middlefield Rd x Shorline Mountain View",Santa Clara,CA,94043,No,Yes,No,No,No,2,Minor,Yes,Yes,No,No,Yes,No,No,No,No,No,No,No,No,No,No,No,No,No,No,No,No,No,No,No,No,No,No,No,No,No,Honda CRV,2007,Yes,No,No,No,No,Only for Old Reports,Only for Old Reports,2,Conventional Mode,"On 09/16/2019 at approximately 9:55 AM, an Aimotive autonomous test vehicle was being driven manually southbound, on US Free way 101, between Old Middlefield Rd. and Shoreline Blvd. The car was in the rightmost lane, which splits off into an exit lane for Shoreline Blvd. Traffic in front of the autonomous test vehicle had slowed down to a stop to take this exit, causing this lane to be backed up. The driver of the autonomous vehicle applied normal braking force to come to a stop. Shortly thereafter, the autonomous test vehicle was rear-ended by a Honda -CRV. No major bodily injuries were reported from either party in the crash. Damage to the autonomous vehicle was minor; the car had small scratches. The Honda -CRV's driver airbag was deployed and the front bumper of the car was partially hanging out of the car's body frame. Drivers from both parties exchanged information and took pictures of the damage. The passenger of the autonomous test vehicle contacted 911 approximately at 10:05 AM and requested a CHP officer on scene. The CHP officer arrived approximately 45 minutes after the initial call and took down a report. After both parties had exchanged information, the officer dismissed both parties. The Aimotive vehicle was driven manually back to the office.",Clear,Clear,Daylight,Daylight,Wet,Wet,No unusual conditions,No unusual conditions,Stopped,Proceeding Straight,Other,Rear End,CVC Sections Violated,37.4160793,-122.08623,37.4128202,-122.1014967,37.4145811,-122.0937266
apollo_autonomous_driving_06292023.pdf,Apollo Autonomous Driving USA LLC,Apollo Autonomous Driving USA LLC,06/29/2023,3:39 PM,2020,Chrysler,Pacifica,Moraga St near 34th Ave,San Francisco,San Francisco,CA,94122,Yes,No,No,No,No,2,None,No,No,No,No,No,No,No,No,No,No,No,No,No,No,No,No,No,No,No,No,No,No,No,No,No,No,No,No,No,No,Not Available,Not Available,Yes,No,No,No,scooter,Only for Old Reports,Only for Old Reports,2,Autonomous Mode,"On June 29, 2023 at 3:39 PM PDT, an Apollo Autonomous Vehicle (“Apollo AV”) operating in San Francisco, California, was in a collision involving a scooter on Moraga Street near 34th Ave. The Apollo AV was traveling westbound on Moraga Street passing the intersection with 34th Ave. The intersection has stop signs clearly installed at all four ways, which require vehicles to make full stop before entering the intersection. The Apollo AV made a full stop, entered and passed approximately 75% of the intersection. A person on scooter coming southbound from 34th Ave., approached the intersection. The person on scooter entered the intersection without stopping, then made contact with the passenger rear-side of Apollo AV. Our Apollo AV operator immediately disengaged the AV, pulled over to the closest safe place to park, got out of the car to check the person on scooter, who already left the scene on his scooter without exchanging any information. The Apollo AV had small minor paint scratch, which do not need repair. The police were not called.",Clear,Clear,Daylight,Daylight,Dry,Dry,No unusual conditions,No unusual conditions,Proceeding Straight,Proceeding Straight,Side Swipe,Head-On,Runaway Vehicle,37.7597481,-122.463708,37.7510246,-122.5089856,37.7556672,-122.4868074
apollo_autonomous_driving_09062023.pdf,Apollo Autonomous Driving USA LLC,Apollo Autonomous Driving USA LLC,06/09/2023,12:25 PM,2017,Lincoln,MKZ Hybrid,2037 Rivera Street,San Francisco,San Francisco,CA,94116,Yes,No,No,No,No,2,Minor,No,No,No,No,No,No,No,No,No,No,No,No,No,No,No,No,No,No,No,No,No,No,Yes,No,No,No,No,No,No,No,Lexus RX 450H,2018,No,Yes,No,No,No,Only for Old Reports,Only for Old Reports,2,Conventional Mode,An Apollo autonomous vehicle (“AV”) was traveling westbound on Rivera Street in San Francisco in autonomous mode and stopped for a double-parked vehicle near 31st Avenue. An Apollo safety operator disengaged the AV from autonomous mode into conventional mode with use of the steering wheel. Then the AV side-swiped the double-parked vehicle while in conventional mode. There were no injuries and emergency services were not needed. Both the AV and the second vehicle sustained minor damage.,Clear,Clear,Daylight,Daylight,Dry,Dry,No unusual conditions,No unusual conditions,Xing into opposing lane,Stopped,Side Swipe,Side Swipe,None Apparent,37.7461321,-122.4883689,37.7460227,-122.4885178,37.7460953,-122.48844
apple_022123.pdf,Apple Inc.,Apple Inc.,02/21/2023,10:15 AM,2016,Lexus,RX 450h,Homestead Rd & Kennewick Dr,Sunnyvale,Santa Clara,CA,94087,Yes,No,No,No,No,1,Minor,No,No,No,No,No,No,No,No,No,No,No,No,No,No,No,No,No,No,No,No,No,No,Yes,No,No,No,No,No,No,No,Not Available,Not Available,No,No,No,No,No,Only for Old Reports,Only for Old Reports,Not Applicable,Conventional Mode,"On February 21st, a test vehicle operating in manual driving mode was making a u-turn from Westbound to Eastbound Homestead Road at the intersection with Kennewick Drive in Sunnyvale when the right front tire and rim made contact with the curb. No injuries were reported and law enforcement was not called to the scene. The test vehicle sustained damage to the right front rim.",Clear,Wind,Daylight,Dark w Non-functioning Street-lights,Dry,Slippery,No unusual conditions,No unusual conditions,Making U turn,Other,Hit Object,Other,None Apparent,37.3375186,-122.0461138,37.33886758,-122.0447648,37.33616961,-122.0474628
apple_051123.pdf,Apple Inc.,Apple Inc.,05/11/2023,4:55 PM,2016,Lexus,RX 450h,Our Lady's Way & Great America Pkwy,Santa Clara,Santa Clara,CA,95054,No,Yes,No,No,No,2,Minor,Yes,Yes,No,No,No,No,No,No,No,No,No,No,No,No,No,No,No,No,No,No,No,No,No,No,No,No,No,No,No,No,Volkswagen Jetta,2019,Yes,No,No,No,No,Only for Old Reports,Only for Old Reports,2,Conventional Mode,"On May 11th, a test vehicle operating in manual driving mode was traveling Eastbound on Our Lady’s Way in Santa Clara and stopped in traffic behind a stop sign at the intersection with Great America Parkway. A Volkswagen Jetta failed to stop and struck the rear of the test vehicle. No injuries were reported and law enforcement was not called to the scene. Both vehicles sustained minor damage.",Clear,Clear,Daylight,Daylight,Dry,Dry,No unusual conditions,No unusual conditions,Stopped,Slowing/Stopping,Rear End,Head-On,None Apparent,37.3903244,-121.9760717,37.39167338,-121.9747227,37.38897541,-121.9774207
Apple_082418.pdf,Apple Inc.,Apple Inc.,08/24/2018,2:58 PM,2016,Lexus,RX 450h,Kifer Road and Lawrence Expressway,Sunnyvale,Santa Clara,CA,94086,Yes,No,No,No,No,2,Moderate,No,Yes,No,No,No,No,No,No,No,No,No,No,No,No,No,No,No,No,No,No,No,No,No,No,No,No,No,No,No,No,Nissan Leaf,2016,Yes,No,No,No,No,Only for Old Reports,Only for Old Reports,2,Autonomous Mode,"On August 24th at 2:58 PM, an Apple test vehicle in autonomous mode was rear-ended while preparing to merge onto Lawrence Expressway
South from Kifer Road. The Apple test vehicle was traveling less than 1 mph waiting for a safe gap to complete the merge when a 2016
Nissan Leaf contacted the Apple test vehicle at approximate ly 15 mph. Both vehicles sustained damage and no inj uries were reported by
either party.",Clear,Clear,Daylight,Daylight,Dry,Dry,No unusual conditions,No unusual conditions,Proceeding Straight,Proceeding Straight,Rear End,Head-On,CVC SECTIONS Violated No,37.3739929,-121.995968,37.37534188,-121.994619,37.37264391,-121.997317
apple_09262023.pdf,Apple Inc.,Apple Inc.,09/26/2023,11:33 AM,2017,Lexus,RX 450h,I-80 Westbound,Emeryville,Alameda,CA,94608,No,Yes,No,No,No,2,Major,Yes,Yes,No,No,Yes,No,No,No,No,No,No,No,No,No,No,No,No,No,No,No,No,No,No,No,No,No,No,No,No,No,Chevrolet Silverado,2013,Yes,No,No,No,No,Only for Old Reports,Only for Old Reports,2,Autonomous Mode,"On September 26th, a test vehicle operating with the automated driving system engaged was traveling Westbound on Interstate 80 in Emeryville, CA, when it slowed and came to a complete stop in response to traffic. Approximately three seconds later, and while traffic remained stopped ahead, a white Chevrolet Silverado made contact from the rear. No injuries were reported and law enforcement was not called to the scene. Both vehicles sustained damage.",Clear,Clear,Daylight,Daylight,Dry,Dry,No unusual conditions,No unusual conditions,Stopped,Proceeding Straight,Rear End,Head-On,Stop and Go Traffic,37.8511107,-122.2933289,37.8226185,-122.3207058,37.8381478,-122.2967444
apple_09272021.pdf,Apple Inc.,Apple Inc.,09/27/2021,10:53 AM,2017,Lexus,RX 450h,N Mathilda Ave and Del Rey Ave,Sunnyvale,Santa Clara,CA,94085,Yes,No,No,No,No,1,Minor,No,No,No,No,No,No,Yes,No,No,No,No,No,Yes,No,No,No,No,No,No,No,No,No,Yes,No,No,No,No,No,No,No,Not Available,Not Available,No,No,No,No,No,Only for Old Reports,Only for Old Reports,Not Applicable,Autonomous Mode,"A test vehicle, operating in autonomous mode in Sunnyvale and turning right from Mathilda Avenue onto Del Ray Avenue, made contact with a curb at approximately 13 miles per hour. While there was no tire or wheel damage, the contact resulted in misalignment. No other agents were involved, no injuries were reported, and law enforcement was not called to the scene.",Cloudy,Wind,Daylight,Dark w Non-functioning Street-lights,Dry,Slippery,No unusual conditions,No unusual conditions,Making Right Turn,Other,Hit Object,Other,None Apparent,37.3919669,-122.0299926,37.39331588,-122.0286436,37.39061791,-122.0313416
apple_09292023.pdf,Apple Inc.,Apple Inc.,09/29/2023,2:58 PM,2017,Lexus,RX 450h,US 101S near Capitol Expressway,San Jose,Santa Clara,CA,95121,Yes,No,No,No,No,1,Minor,No,No,No,No,No,No,No,No,No,No,No,No,No,No,No,No,No,No,No,No,No,No,No,No,No,No,No,No,No,Yes,Not Available,Not Available,No,No,No,No,No,Only for Old Reports,Only for Old Reports,Not Applicable,Autonomous Mode,"On September 29th, a test vehicle operating with the automated driving system engaged was traveling Southbound on Highway 101 in San Jose when a nearby white Jeep Cherokee ran over a piece of lumber, which was projected onto the test vehicle. No injuries were reported and law enforcement was not called to the scene. The test vehicle sustained minor damage.",Cloudy,Wind,Daylight,Dark w Non-functioning Street-lights,Dry,Slippery,Other,No unusual conditions,Proceeding Straight,Other,Hit Object,Other,None Apparent,37.2797014,-121.8378011,37.28105038,-121.8364521,37.27835241,-121.8391501
Apple_101518.pdf,Apple Inc.,Apple Inc.,10/15/2018,10:28 PM,2017,Lexus,RX 450h,North Wolfe Road at Stewart Drive,Sunnyvale,Santa Clara,CA,94085,Yes,No,No,No,No,2,Minor,No,No,No,No,No,No,No,No,No,No,No,No,No,No,No,No,No,No,No,No,No,No,No,No,No,No,No,Yes,No,No,Toyota Camry SE,Not Available,Yes,No,No,No,No,Only for Old Reports,Only for Old Reports,2,Autonomous Mode,"On October 15th at 10:28 AM, an Apple test vehicle in manual mode was side swiped while preparing to turn left onto Stewart Drive from
North Wolfe Road. The Apple test vehicle was traveling at approximately 5 mph when a Toyota Camry traveling at approximately 15 mph
crossed out of its lane and contacted the Apple test vehicle. Both vehicles sustained minor damage and no injuries were reported. The
police were notified that the driver of the Toyota Camry left without exchanging information.",Clear,Clear,Daylight,Daylight,Dry,Dry,No unusual conditions,No unusual conditions,Proceeding Straight,Proceeding Straight,Not Available,Head-On,None Apparent,37.3827567,-122.0129303,37.38410568,-122.0115813,37.38140771,-122.0142793
apple_102022.pdf,Apple Inc.,Apple Inc.,12/20/2022,12:46 PM,2017,Lexus,RX 450h,US-101S Ramp & Lawrence Expressway,Sunnyvale,Santa Clara,CA,94085,No,Yes,No,No,No,2,Minor,Yes,Yes,No,No,Yes,No,No,No,No,No,No,No,No,No,No,No,No,No,No,No,No,No,No,No,No,No,No,No,No,No,Ford F-150,2015,Yes,No,No,No,No,Only for Old Reports,Only for Old Reports,2,Conventional Mode,"On December 20th, a test vehicle operating in manual driving mode was traveling Northbound on Highway 101 in Belmont when a nearby Subaru Outback ran over road debris, which was projected onto the test vehicle. No injuries were reported and law enforcement was not called to the scene. The test vehicle sustained cosmetic damage to the right headlamp and hood.",Clear,Clear,Daylight,Daylight,Dry,Dry,No unusual conditions,No unusual conditions,Slowing/Stopping,Making Right Turn,Rear End,Head-On,None Apparent,37.4023802,-121.9955799,37.337782,-121.9965685,37.3702418,-121.9963301
apple_122022.pdf,Apple Inc.,Apple Inc.,12/20/2022,12:46 PM,2016,Lexus,RX 450h,US 101N near Marine Pkwy Exit,Belmont,San Mateo,CA,94002,Yes,No,No,No,No,1,Minor,No,No,No,No,No,No,No,No,No,No,No,No,No,No,No,No,No,No,No,No,No,No,No,No,No,No,No,No,Yes,No,Not Available,Not Available,No,No,No,No,No,Only for Old Reports,Only for Old Reports,Not Applicable,Conventional Mode,"On December 20th, a test vehicle operating in manual driving mode was traveling Northbound on Highway 101 in Belmont when a nearby Subaru Outback ran over road debris, which was projected onto the test vehicle. No injuries were reported and law enforcement was not called to the scene. The test vehicle sustained cosmetic damage to the right headlamp and hood.",Clear,Wind,Daylight,Dark w Non-functioning Street-lights,Dry,Slippery,Other,No unusual conditions,Proceeding Straight,Other,Hit Object,Other,None Apparent,37.5292845,-122.2675881,37.53063348,-122.2662391,37.52793551,-122.2689371
apple-collision-report-september-19-2019.pdf,Apple Inc.,Apple Inc.,09/19/2019,7:58 AM,2017,Lexus,RX 450h,Sunnyvale Community Center Park Entrance,Sunnyvale,Santa Clara,CA,94087,No,Yes,No,No,No,2,Minor,No,No,No,No,No,No,No,No,No,No,No,No,No,No,No,No,No,No,No,No,No,No,No,No,No,Yes,No,No,No,No,Toyota Corolla,2019,Yes,No,No,No,No,Only for Old Reports,Only for Old Reports,2,Conventional Mode,"On September 19th, 2019 at 7:58am an Apple test vehicle, which was conducting a manually driven test mission, was struck while stopped in the left turn lane preparing to exit the Sunnyvale Community Center Park onto Manet Drive. The Apple test vehicle was stopped when the Toyota Corolla, traveling at approximately 6 mph, swung wide outside of its lane while making a right turn into the Sunnyvale Community Center Park entrance from Manet Drive and struck the Apple test vehicle. Both vehicles sustained minor damage to the driver's side front bumpers. The drivers exchanged information. No injuries were reported. The police were not called.",Clear,Clear,Daylight,Daylight,Dry,Dry,No unusual conditions,No unusual conditions,Stopped,Making Right Turn,Other,Head-On,None Apparent,37.3601997,-122.0242215,37.3579436,-122.0277312,37.359355,-122.0258522
Aurora_062018.pdf,"Aurora Innovation, Inc.","Aurora Innovation, Inc.",06/20/2018,1:49 PM,2017,Lincoln,MKZ,Pagemill Road after 280 exit ramp,Palo Alto,Santa Clara,CA,94306,Yes,No,No,No,No,2,Minor,Yes,Yes,No,No,Yes,No,Yes,No,No,No,No,No,No,No,No,No,No,No,No,No,No,No,No,No,No,No,No,No,No,No,Lexus ES,1997,Yes,No,No,No,No,Only for Old Reports,Only for Old Reports,2,Conventional Mode,"An A urora test vehicle was being manually driven ( conventional mode) for data collection in Palo Alto near Pagemill Rd and the 280
off-ramp at around 1:50pm on Wednesday 06/20/2018. As the driver of the Aurora test vehicle approached the end of the off-ramp, he
witnessed ahead of him a squirrelenter and then stop itself in the middle of the ramp. The driver proceeded to begin a slow and steady
deceleration of the Aurora test vehicle to avoid maiming the animal. A silver Lexus traveling behind the Aurora test vehicle then rear ended
the test vehicle. There were no injuries and the parties exchanged information. Though the police were not called, a CHP officer was
already in the vicinity addressing an abandoned vehicle. The officer consulted with the parties but ultimately concluded no further action
was needed.",Clear,Clear,Daylight,Daylight,Dry,Dry,No unusual conditions,No unusual conditions,Slowing/Stopping,Proceeding Straight,Rear End,Head-On,"CVC SECTIONS Violated No, DEFECTIVE WEH EQUIP No",37.4277017,-122.1386786,37.3953926,-122.1608568,37.4120535,-122.1511043
Aurora_110218.pdf,"Aurora Innovation, Inc.","Aurora Innovation, Inc.",11/02/2018,15:00,2017,Lincoln,MKZ,101 North,Palo Alto,Santa Clara,CA,94303,Yes,No,No,No,No,2,Minor,Yes,No,No,No,No,No,No,No,No,No,No,No,No,No,No,No,No,No,No,No,No,No,No,No,No,No,No,No,No,No,BMW 528i,2000,Yes,No,No,No,No,Only for Old Reports,Only for Old Reports,2,Conventional Mode,"On November 2, 2018 at approximately 3:00 PM PST, an Aurora test vehicle, operating in Conventional Mode, was rear-ended
by a BMW 528i. The Aurora test vehicle was traveling Northbound on the 101 freeway between the University and East Palo
Alto exits. The Aurora test vehicle was decelerating and nearly at a complete stop as it approached lead vehicles that were
stopped due to heavy traffic conditions when the BMW following directly behind made contact with the test vehicle's rear
bumper. There were no injuries, the parties exchanged information, and the police were not called.",Clear,Clear,Daylight,Daylight,Dry,Dry,No unusual conditions,No unusual conditions,Proceeding Straight,Proceeding Straight,Rear End,Head-On,None Apparent,37.4685064,-122.0848041,37.4152816,-122.1547928,37.4431397,-122.1168331
aurora-innovation-collision-report-january-10-2019.pdf,Aurora Innovation Inc,Aurora Innovation Inc,01/10/2019,2:52 PM,2017,Lincoln,MKZ,Townsend and 3rd,San Francisco,San Francisco,CA,94107,No,Yes,No,No,No,2,Moderate,Yes,No,No,No,Yes,No,Yes,No,No,No,No,No,No,No,No,No,No,No,No,No,No,No,No,No,No,No,No,No,No,No,Honda CR-V,2004,Yes,No,No,No,No,Only for Old Reports,Only for Old Reports,2,Conventional Mode,"On 01/10/19 at 2:52pm, an Aurora vehicle, while stopped at a red traffic light in manual mode on Townsend and 3rd, was struck in the rear bumber by a Honda CR-V approaching from behind. There was moderate damage to the Aurora vehicle's right sensor, mount, and side quarter panel. There was minimal damage to the Honda's front right bumper. Both vehicles were operational and pulled over on a side street to exchange vehicle and insurance information. No injuries were reported and no police were requested nor present at the scene.",Clear,Clear,Daylight,Daylight,Dry,Dry,No unusual conditions,No unusual conditions,Stopped,Proceeding Straight,Rear End,Head-On,CVC Sections Not Violated,37.778852,-122.3927445,37.78021538,-122.3913772,37.77751741,-122.3940752
aurora-innovation-collision-report-january-14-2020.pdf,"Aurora Innovation, Inc.",Aurora,01/14/2020,11:13 AM,2017,Lincoln,MKZ,Lafayette St. and Benton St.,Santa Clara,Santa Clara,CA,95050,No,Yes,No,No,No,2,None,No,No,No,No,No,No,No,No,No,No,No,No,No,No,No,No,No,No,No,No,No,No,No,No,No,No,No,No,No,No,Jeep Wrangler,1995,Yes,No,No,No,No,Only for Old Reports,Only for Old Reports,2,Conventional Mode,"On 01/14/2020 at 11:13 AM, the Aurora vehicle -- while at a complete stop at a red light at the intersection of Lafayette St and Benton St. in Santa Clara -- was rear-ended on the driver's side rear fender by a Jeep Wrangler, when it attempted to navigate around the stopped Aurora vehicle. There were no injuries to the occupants of either vehicle, nor damage to either vehicle.",Clear,Clear,Daylight,Daylight,Slippery,Slippery,No unusual conditions,No unusual conditions,Stopped,Passing other Vehicle,Rear End,Head-On,CVC Sections Not Violated,37.3511314,-121.9439485,37.35248038,-121.9425995,37.34978241,-121.9452975
beepinc_08232023.pdf,"Beep, Inc.","Beep, Inc.",8/23/2023,5:54 PM,2018,Navya,ARMA,"9th St at Seven Seas Ave, Treasure Island",San Francisco,San Francisco,CA,94130,Yes,No,No,No,Vehicle,2,Minor,No,No,No,No,No,No,No,No,No,No,No,No,No,No,No,No,No,No,No,No,No,No,No,No,No,No,No,No,Yes,Yes,"Toyota, Corolla",2016,Yes,No,No,No,Vehicle,Only for Old Reports,Only for Old Reports,2,Autonomous Mode,"At approximately 5:54 p.m. PST on Wednesday, August 23, 2023, at the intersection of Seven Seas Ave and 9th Street on Treasure Island in the city of San Francisco, a Beep-operated autonomous shuttle was proceeding in autonomous mode straight E/B after stopping at a 3-way stop intersection when a vehicle making a left turn heading N/B proceeded out of turn resulting in a collision within the intersection. There were no passengers on board and no injuries reported. Both vehicle sustained minor damage and police did not respond to the scene. There were no other witness statements received.",Clear,Clear,Daylight,Daylight,Dry,Dry,No unusual conditions,No unusual conditions,Proceeding Straight,Making Left Turn,Head-On,Broadside,None Apparent,37.8244477,-122.3695528,37.8163864,-122.3745104,37.8202236,-122.3717982
collision-report-zoox-december-19-2019.pdf,Zoox Inc,Zoox Inc,12/19/2019,9:45 AM,2016,Toyota,Highlander,NB Kearny Street before Post Street,San Francisco,San Francisco,CA,94108,Yes,No,No,No,Vehicle,2,Moderate,No,No,No,No,No,No,No,No,No,No,No,No,No,No,No,No,No,No,No,No,No,No,No,No,No,No,No,Yes,Yes,No,Ford,2014,Yes,No,No,No,Vehicle,Only for Old Reports,Only for Old Reports,2,Conventional Mode,"On December 19, 2019 at approximately 9:44AM, a Zoox vehicle operating in manual mode was struck on the passenger side fender by a bus. The Zoox vehicle was traveling north on Kearny in the right most lane when the bus attempted to lane change in front of the Zoox vehicle, impacting its front passenger side sensors and fender. The bus was traveling less than 2mph when it hit the Zoox vehicle, which was stopped. There were no injuries.",Cloudy,Cloudy,Daylight,Daylight,Dry,Dry,No unusual conditions,No unusual conditions,Proceeding Straight,Changing Lanes,Side Swipe,Side Swipe,None Apparent,37.78844,-122.40561,37.78989293,-122.4042879,37.78719496,-122.4069859
collision-report-zoox-december-20-2019.pdf,Zoox Inc,Zoox Inc,12/20/2019,9:00 AM,2016,Toyota,Highlander,Kearny Street and Jackson Street,San Francisco,San Francisco,CA,94108,Yes,No,No,No,Vehicle,2,Moderate,No,Yes,Yes,No,No,No,No,No,No,No,No,No,No,No,No,No,No,No,No,No,No,No,No,No,No,No,No,No,No,No,HONDA CIVIC LX,2017,Yes,No,No,No,Vehicle,Only for Old Reports,Only for Old Reports,2,Conventional Mode,"On December 20, 2019 at approximately 9:00AM, a stationary Zoox vehicle operating in manual mode was struck on its rear drivers' side by another vehicle traveling <10mph. The Zoox vehicle was traveling north on Kearny making a right onto Jackson. The Zoox vehicle was stopped while yielding to a pedestrian crossing Jackson. The vehicle directly behind the Zoox vehicle drove around the left side of the Zoox vehicle in an attempt to pass, clipping the left rear sensors with it's passenger side side-view mirror. There were no injuries.",Cloudy,Cloudy,Daylight,Daylight,Dry,Dry,No unusual conditions,No unusual conditions,Making Right Turn,Proceeding Straight,Rear End,Side Swipe,None Apparent,37.7962214,-122.4051693,37.79757038,-122.4038203,37.79487241,-122.4065183
collision-report-zoox-january-13-2020.pdf,Zoox Inc.,Zoox,01/08/2020,9:10 AM,2016,Toyota,Highlander,Mason St. and Sutter St.,San Francisco,San Francisco,CA,94108,No,Yes,No,No,Car,2,Moderate,No,No,No,No,No,No,No,No,No,No,No,No,No,No,No,No,No,No,No,No,No,No,No,No,No,No,No,No,No,No,Toyota Camry,2011,Yes,No,No,No,Car,Only for Old Reports,Only for Old Reports,2,Conventional Mode,"A Zoox vehicle was parked with hazard lights blinking while in manual mode on Green St. facing east towards Varennes St. A car reversed from a horizontal parking spot of the oncoming lane and made contact with the rear left corner of the Zoox Vehicle, damaging the sensors. Police were not called.",Clear,Clear,Dark w Street-lights,Dark w Street-lights,Dry,Dry,No unusual conditions,No unusual conditions,Stopped,Proceeding Straight,Other,Rear End,None Apparent,37.7890202,-122.410273,37.79036918,-122.408924,37.78767121,-122.411622
collision-report-zoox-january-14-2020.pdf,Zoox Inc.,Zoox,01/13/2020,6:15 PM,2016,Toyota,Highlander,5th St. and Folsom St.,San Francisco,San Francisco,CA,94107,Yes,No,No,No,Car,2,Moderate,No,Yes,No,No,No,No,No,No,No,No,No,No,No,No,No,No,No,No,No,No,No,No,No,No,No,No,No,No,No,No,Not Available,Not Available,Yes,No,No,No,Car,Only for Old Reports,Only for Old Reports,2,Conventional Mode,"A Zoox vehicle was in manual mode, stopped at a red light at the intersection of Mason St. and Sutter St. facing south. A vehicle behind it made low-speed contact with the rear of the Zoox vehicle. There was no damage. Police were not called.",Cloudy,Cloudy,Daylight,Daylight,Dry,Dry,No unusual conditions,No unusual conditions,Proceeding Straight,Changing Lanes,Other,Rear End,None Apparent,37.7804066,-122.403736,37.78178918,-122.4023441,37.77909121,-122.4050421
collision-report-zoox-january-21-2020.pdf,Zoox Inc.,Zoox,01/14/2020,3:46 PM,2016,Toyota,Highlander,3rd St. and Mission St.,San Francisco,San Francisco,CA,94103,Yes,No,No,No,Car,2,Minor,Yes,No,No,No,No,No,No,No,No,No,No,No,No,No,No,No,No,No,No,No,No,No,No,No,No,No,No,No,No,No,Not Available,Not Available,Yes,No,No,No,Car,Only for Old Reports,Only for Old Reports,2,Conventional Mode,"A Zoox vehicle in manual mode was in traffic on 5th St, south of Folsom St., when the car immediately behind it passed on the left. That car made contact with the left-rear bumper of the Zoox vehicle, causing a minor scratch. The driver of the Zoox vehicle then pulled over to assess damage and exchange driver information, but the other vehicle did not stop. There were no injuries, and police were not called.",Clear,Clear,Daylight,Daylight,Dry,Dry,No unusual conditions,No unusual conditions,Proceeding Straight,Changing Lanes,Other,Rear End,None Apparent,37.7862697,-122.4020776,37.78761868,-122.4007286,37.78492071,-122.4034266
collision-report-zoox-january-8-2020.pdf,Zoox Inc.,Zoox,01/21/2020,8:44 AM,2016,Toyota,Highlander,Green St. and Grant St.,San Francisco,San Francisco,CA,94133,No,Yes,No,No,Car,2,Minor,No,Yes,No,No,No,No,No,No,No,No,No,No,No,No,No,No,No,No,No,No,No,No,No,No,No,No,No,No,No,No,BMW 328ci,2000,Yes,No,No,No,Car,Only for Old Reports,Only for Old Reports,2,Conventional Mode,"A Zoox vehicle was traveling in manual mode on 3rd St. towards Mission St. when a car merged into the lane behind it. While the Zoox vehicle yielded to a bus, the car behind the Zoox vehicle made contact with the Zoox vehicle's rear bumper, damaging some sensors. The Zoox vehicle driver pulled over to assess the damage and exchange driver information but the other vehicle did not stop. There were no injuries and police were not called.",Clear,Clear,Daylight,Daylight,Dry,Dry,No unusual conditions,No unusual conditions,Stopped,Backing,Other,Rear End,None Apparent,37.7997122,-122.4074155,37.80106118,-122.4060665,37.79836321,-122.4087645
collision-report-zoox-july-23-2019.pdf,Zoox Inc.,Zoox,07/23/2019,8:50 PM,2016,Toyota,Highlander,Hyde St & Union St,San Francisco,San Francisco,CA,94109,No,Yes,No,No,Truck,2,Minor,No,No,No,No,No,No,No,No,No,No,No,No,No,No,No,No,No,Yes,No,No,No,No,No,No,No,No,No,No,No,No,Pickup Truck,Not Available,Yes,No,No,No,No,Only for Old Reports,Only for Old Reports,Not Applicable,Conventional Mode,"The Zoox vehicle, traveling southbound on Hyde St. at the Union St. intersection, was in conventional mode and waiting (stationary) to make the left turn from Hyde St. onto Union St. The Zoox vehicle had stopped to yield to an oncoming truck. The truck continued northbound on Hyde Street, and as it passed the Zoox vehicle, its driver-side mirror grazed the driver-side mirror of the Zoox vehicle.",Clear,Clear,Dark w Street-lights,Dark w Street-lights,Dry,Dry,No unusual conditions,No unusual conditions,Stopped,Proceeding Straight,Other,Side Swipe,None Apparent,37.7992091,-122.4190745,37.80055808,-122.4177255,37.79786011,-122.4204235
collision-report-zoox-june-11-2019.pdf,Zoox Inc.,Zoox,06/11/2019,11:16 AM,2016,Toyota,Highlander,Grant Ave & Union St,San Francisco,San Francisco,CA,94133,Yes,No,No,Yes,No,1,None,No,No,No,No,No,No,No,No,No,No,No,No,No,No,No,No,No,No,No,No,No,No,No,No,No,No,No,No,No,No,Bicycle,Not Available,Yes,No,No,Yes,No,Only for Old Reports,Only for Old Reports,Not Applicable,Conventional Mode,"A Zoox vehicle, operating in conventional mode, was coming to a stop at the Grant Ave. and Union St. intersection and traveling less than 2mph, when it was struck on its front bumper by a bicyclist. The Zoox vehicle was traveling northbound on the one-way street when the bicyclist turned left from Union St. onto Grant Ave. and rode into the Zoox vehicle. The bicyclist's left turn caused the bicyclist to travel in the wrong direction on the one-way street. After contact, the cyclist continued traveling southbound (against the one-way) on Grant Ave. despite attempts to get the bicyclist's attention in order to exchange information.",Clear,Clear,Daylight,Daylight,Dry,Dry,No unusual conditions,No unusual conditions,Slowing/Stopping,Making Left Turn,Other,Head-On,None Apparent,37.8006456,-122.4076053,37.80199458,-122.4062563,37.79929661,-122.4089543