File ID,Vehicle 1 Manufacturer,Vehicle 1 Business Name,Date,Time,Vehicle 1 Year of Manufacturing,Vehicle 1 Make,Vehicle 1 Model,Location of Accident,City of Accident,County of Accident,State of Accident,ZIPCODE of Accident,Vehicle 1 was Moving,Vehicle 1 was Stopped in Traffic,Pedestrian Involved in Accident (w V1),Bicyclist involved in Accident (w V1),Any other involved entity (w V1),Number of Vehicles involved in Accident (w V1),Vehicle Damage,RB,LR1,LR2,LR3,RR1,RR2,RR3,LRP1,LRP2,LRP3,LRP4,RRP1,RRP2,RRP3,RRP4,FDS1,FDS2,FDS3,FDS4,FPS1,FPS2,FPS3,FPS4,LFC1,LFC2,LFC3,RFC1,RFC2,RFC3,FB,Vehicle 2 Model,Vehicle 2 Year of Manufacturing,Vehicle 2 was Moving,Vehicle 2 was Stopped in Traffic,Pedestrian Involved in Accident (w V2),Bicyclist involved in Accident (w V2),Any other involved entity (w V2),Property Damage,Property Owner's Details,Number of Vehicles involved in Accident (w V2),Car Mode,Description,Weather Vehicle 1,Weather Vehicle 2,Lighting Vehicle 1,Lighting Vehicle 2,Roadway Surface Vehicle 1,Roadway Surface Vehicle 2,Roadway Conditions Vehicle 1,Roadway Conditions Vehicle 2,Movement Preceding Collision Vehicle 1,Movement Preceding Collision Vehicle 2,Type of Collison Vehicle 1,Type of Collison Vehicle 2,Other Factors,Lat1,Lng1,Lat2,Lng2,Lat3,Lng3
collision-report-zoox-june-19-2019.pdf,Zoox Inc.,Zoox,06/19/2019,11:18 AM,2016,Toyota,Highlander,Mason St & Sutter St,San Francisco,San Francisco,CA,94108,Yes,No,No,Yes,No,1,None,No,No,No,No,No,No,No,No,No,No,No,No,No,No,No,No,No,No,No,No,No,No,No,No,No,No,No,No,No,No,Bicycle,Not Available,Yes,No,No,Yes,No,Only for Old Reports,Only for Old Reports,Not Applicable,Conventional Mode,"A Zoox vehicle, operating in manual mode, was traveling southbound on Mason Street at less than 3mph when a cyclist, traveling westbound on Sutter Street at a red light, cycled into the rear end of the Zoox vehicle. 

The incident occurred when the Zoox vehicle proceeded toward the intersection of Mason and Sutter, the cyclist entered Mason Street against the one-way onto the crosswalk to pass behind the Zoox vehicle. The cyclist then clipped the left rear side of the Zoox vehicle. After contact, the cyclist did not stop to exchange information and continued traveling westbound on Sutter Street.",Cloudy,Cloudy,Daylight,Daylight,Dry,Dry,No unusual conditions,No unusual conditions,Proceeding Straight,Making Left Turn,Other,Head-On,None Apparent,37.7890202,-122.410273,37.79036918,-122.408924,37.78767121,-122.411622
collision-report-zoox-november-22-2019.pdf,Zoox Inc,Zoox,11/22/2019,11:11 PM,2016,Toyota,Highlander,5th St. and Folsom St.,San Francisco,San Francisco,CA,94017,Yes,No,No,No,No,2,Moderate,No,No,No,No,No,No,No,No,No,No,No,No,No,No,No,No,No,No,No,No,No,No,No,No,No,Yes,No,No,Yes,Yes,Infinity M35,Not Available,Yes,No,No,No,No,Only for Old Reports,Only for Old Reports,Not Applicable,Conventional Mode,"The Zoox vehicle(1) was in conventional mode traveling southbound on 5th Street and making a protected left turn with green arrow onto
Folsom Street. The other party's vehicle(2), while being pursued by members of the San Francisco Police Department, illegally entered the
intersection from the opposite direction of travel on 5th Street at a high rate of speed and collided with the front/driver's side corner of the
Zoox vehicle(1). The force of the impact deployed all front airbags of the Zoox vehicle(1). Both occupants of the Zoox vehicle(1)
complained of minor injuries, but declined ambulance transportation.",Clear,Clear,Dark w Street-lights,Dark w Street-lights,Dry,Dry,No unusual conditions,No unusual conditions,Making Left Turn,Proceeding Straight,Head-On,Head-On,None Apparent,37.7804066,-122.403736,37.78178918,-122.4023441,37.77909121,-122.4050421
collision-report-zoox-october-11-2019.pdf,Zoox Inc.,Zoox,10/11/2019,12:10 PM,2016,Toyota,Highlander,Union St. and Grant St.,San Francisco,San Francisco,CA,94133,No,Yes,No,No,electric scooter,2,None,Yes,No,No,No,No,No,No,No,No,No,No,No,No,No,No,No,No,No,No,No,No,No,No,No,No,No,No,No,No,No,Genza 2.0f electric scooter,Not Available,Yes,No,No,No,SUV,Only for Old Reports,Only for Old Reports,2,Autonomous Mode,"The stationary Zoox vehicle was in autonomous mode heading northbound on Union St. Contact occurred when the Zoox vehicle was stopped at a stop sign at the intersection of Union St. and Grant St., when it was rear-ended by an electric scooter. The scooter was following closely behind the Zoox vehicle and the scooter driver was not focused on the Zoox vehicle in front of it, when the scooter's front tire made contact with the rear bumper of the Zoox vehicle. There were no injuries.",Clear,Clear,Daylight,Daylight,Dry,Dry,No unusual conditions,No unusual conditions,Proceeding Straight,Proceeding Straight,Other,Rear End,None Apparent,37.8006456,-122.4076053,37.80199458,-122.4062563,37.79929661,-122.4089543
collision-report-zoox-october-12-2019.pdf,Zoox Inc.,Zoox,10/12/2019,2:00 PM,2016,Toyota,Highlander,Polk St. and Green St.,San Francisco,San Francisco,CA,94109,No,Yes,No,No,Car,2,None,Yes,No,No,No,No,No,No,No,No,No,No,No,No,No,No,No,No,No,No,No,No,No,No,No,No,No,No,No,No,No,BMW 328 IX,2011,Yes,No,No,No,No,Only for Old Reports,Only for Old Reports,2,Autonomous Mode,"The stationary Zoox vehicle was in autonomous mode at the stop sign on Polk St. heading northbound towards Green St. The Zoox vehicle moved forward slightly, then slowed down in caution to a pedestrian on its left and potential oncoming vehicles when the driver of the vehicle behind the Zoox vehicle made contact with the rear bumper of the Zoox vehicle. There were no injuries.",Clear,Clear,Daylight,Daylight,Dry,Dry,No unusual conditions,No unusual conditions,Stopped,Proceeding Straight,Other,Rear End,None Apparent,37.7978237,-122.4221554,37.79917268,-122.4208064,37.79647471,-122.4235044
cruise_012523.pdf,Cruise LLC,Cruise,01/25/2023,6:24 PM,2022,Cruise,AV,1699 13th St,San Francisco,San Francisco,CA,94103,Yes,No,No,No,No,2,Minor,No,No,Yes,No,No,No,No,Yes,No,No,No,No,No,No,No,No,No,No,No,No,No,No,No,No,No,No,No,No,No,No,Tesla Model 3,2022,Yes,No,No,No,No,Only for Old Reports,Only for Old Reports,2,Conventional Mode,"A Cruise autonomous vehicle (“Cruise AV”), operating in manual mode, was traveling northbound on 13th Street in the rightmost lane between Folsom Street and South Van Ness Avenue. At the same time, a Model 3 Tesla traveling in the adjacent center lane alongside the Cruise AV attempted to change lanes in front of the Cruise AV over a solid white line into the rightmost lane in which the Cruise AV was traveling. During this maneuver, the Model 3 Tesla made contact with the Cruise AV’s driver side rear wheel and wheel well, and driver side rear passenger door, damaging the Tesla’s front passenger side wheel well . The parties exchanged information and there were no reported injuries.",Clear,Clear,Dark w Street-lights,Dark w Street-lights,Dry,Dry,No unusual conditions,No unusual conditions,Proceeding Straight,Changing Lanes,Side Swipe,Side Swipe,None Apparent,37.7698877,-122.4176693,37.77123668,-122.4163203,37.76853871,-122.4190183
cruise_030323.pdf,Cruise LLC,Cruise,03/03/2023,4:23 AM,2023,Cruise,AV,1201 Bryant St,San Francisco,San Francisco,CA,94103,No,Yes,No,No,No,2,Moderate,Yes,Yes,Yes,No,No,No,No,Yes,No,Yes,No,No,No,No,No,No,No,Yes,No,No,No,No,No,Yes,No,No,No,No,No,No,Semi-Trailer Truck,2023,Yes,No,No,No,No,Only for Old Reports,Only for Old Reports,2,Autonomous Mode,"A Cruise autonomous vehicle (""Cruise AV""), operating in driverless autonomous mode, was traveling eastbound on Bryant Street in the rightmost lane between 11th Street and 10th Street. As the Cruise AV proceeded straight into the intersection with 10th Street, a semi-trailer truck traveling in the lane to the left of the Cruise AV began to make a right turn onto 10th Street and crossed into the Cruise AV’s lane without a turn signal. The Cruise AV braked and the semi-trailer truck made contact with the left side of the Cruise AV, causing damage to the driver side front, rear, and bumper of the Cruise AV. The parties exchanged information and there were no injuries.",Clear,Clear,Dark w Street-lights,Dark w Street-lights,Dry,Dry,No unusual conditions,No unusual conditions,Stopped,Making Right Turn,Side Swipe,Side Swipe,None Apparent,37.7701938,-122.4094669,37.7695795,-122.4102413,37.7697895,-122.4098758
cruise_030623.pdf,Cruise LLC,Cruise,03/06/2023,1:06 AM,2022,Cruise,AV,1199 Polk St,San Francisco,San Francisco,CA,94109,Yes,No,No,No,No,2,Moderate,No,No,No,No,No,No,No,No,No,No,No,No,No,No,No,No,No,Yes,No,No,No,No,No,Yes,No,Yes,No,No,No,No,Infiniti Q50,2015,Yes,No,No,No,No,Only for Old Reports,Only for Old Reports,2,Autonomous Mode,"A Cruise autonomous vehicle (""Cruise AV""), operating in driverless autonomous mode, was at a complete stop in response to a red light on northbound Polk Street at the intersection with Sutter Street. The Cruise AV began to proceed as the light turned green when an Infiniti Q50 passed the Cruise AV in the oncoming traffic lane and began performing “donuts” in the intersection. The Cruise AV began to initiate a left turn onto Sutter Street when the Infiniti Q50 made contact with the Cruise AV’s front driver side bumper, causing damage to the front driver side bumper, front driver side fascia and front driver side headlight. The driver of the Infiniti Q50 left the scene without exchanging information. There were no reported injuries and the Cruise AV was towed from the incident.",Clear,Clear,Dark w Street-lights,Dark w Street-lights,Dry,Dry,No unusual conditions,No unusual conditions,Making Left Turn,Other,Head-On,Head-On,None Apparent,37.7877712,-122.4201317,37.78912018,-122.4187827,37.78642221,-122.4214807
cruise_031823.pdf,Cruise LLC,Cruise,03/18/2023,3:26 AM,2023,Cruise,AV,499 25th Avenue,San Francisco,San Francisco,CA,94121,Yes,No,No,No,No,2,Major,No,No,No,No,No,No,No,No,No,No,No,No,No,No,No,No,No,No,No,No,No,No,Yes,No,Yes,No,Yes,Yes,Yes,Yes,Sedan,Not Available,Yes,No,No,No,No,Only for Old Reports,Only for Old Reports,2,Autonomous Mode,"A Cruise autonomous vehicle (""Cruise AV""), operating in driverless autonomous mode, was traveling southbound on 25th Avenue between Clement Street and Geary Boulevard. The Cruise AV entered the intersection with Geary Boulevard on a green light. As the Cruise AV was passing through the intersection, a Mercedes Sedan traveling eastbound on Geary Boulevard entered the intersection on a red light and shortly thereafter made contact with the Cruise AV, damaging the front right quarter of the Cruise AV. The Mercedes Sedan then made contact with a nearby building, resulting in damage to the property. Police and Emergency Medical Services were called to the scene. The Cruise AV was towed from the scene. Occupants of the Mercedes Sedan received medical treatment at the scene and were not transported by Emergency Medical Services.",Clear,Clear,Dark w Street-lights,Dark w Street-lights,Dry,Dry,No unusual conditions,No unusual conditions,Proceeding Straight,Proceeding Straight,Broadside,Head-On,None Apparent,37.7801884,-122.4847538,37.78153738,-122.4834048,37.77883941,-122.4861028
cruise_032123.pdf,Cruise LLC,Cruise,03/21/2023,9:49 PM,2023,Cruise,AV,1401 Clay Street,San Francisco,San Francisco,CA,94109,Yes,No,No,No,No,1,Moderate,No,No,No,No,No,No,No,No,No,No,No,No,No,No,No,Yes,No,No,No,No,No,No,No,No,No,No,No,No,No,No,Not Available,Not Available,No,No,No,No,No,Only for Old Reports,Only for Old Reports,Not Applicable,Autonomous Mode,"A Cruise autonomous vehicle (""Cruise AV""), operating in driverless autonomous mode, was traveling eastbound on Clay Street between Hyde Street and Leavenworth Street. Shortly before the intersection with Leavenworth Street, the Cruise AV made contact with a downed power cable on Clay Street and came to a stop. This caused damage to the Cruise AV’s front driver side radar assembly. There were no injuries.",Raining,Wind,Dark w Street-lights,Dark w Non-functioning Street-lights,Wet,Slippery,Construction on Roadway,No unusual conditions,Proceeding Straight,Other,Hit Object,Other,None Apparent,37.7930251,-122.4161327,37.79437408,-122.4147837,37.79167611,-122.4174817
cruise_032221_2.pdf,Cruise LLC,Cruise,03/21/2023,5:58 PM,2022,Cruise,AV,1660 Sacramento Street,San Francisco,San Francisco,CA,94109,Yes,No,No,No,No,2,None,No,No,No,No,No,No,No,No,No,No,No,No,No,No,No,No,No,No,No,No,No,No,No,No,No,No,No,No,No,No,Tucson,2022,No,Yes,No,No,No,Only for Old Reports,Only for Old Reports,2,Conventional Mode,"A Cruise autonomous vehicle (""Cruise AV""), operating in manual mode, was traveling westbound in the leftmost lane on Sacramento Street between Larkin Street and Polk Street. As the Cruise AV operator attempted to parallel park behind a Hyundai Tucson, the Cruise AV made contact with the Hyundai Tucson. The parties exchanged information. There were no damages to the Cruise AV and there were no reported injuries.",Cloudy,Cloudy,Daylight,Daylight,Wet,Wet,No unusual conditions,No unusual conditions,Proceeding Straight,Parking,Head-On,Side Swipe,None Apparent,37.7918727,-122.4203234,37.791658,-122.4205434,37.7917607,-122.4204239
cruise_032223_1.pdf,Cruise LLC,Cruise,03/22/2023,4:29 AM,2022,Cruise,AV,1695 Polk Street,San Francisco,San Francisco,CA,94109,Yes,No,No,No,No,1,Moderate,No,No,No,No,No,No,No,No,No,No,No,No,No,No,No,No,No,No,No,No,No,No,No,Yes,No,Yes,No,Yes,Yes,Yes,Not Available,Not Available,No,No,No,No,No,Only for Old Reports,Only for Old Reports,Not Applicable,Autonomous Mode,"A Cruise autonomous vehicle (""Cruise AV""), operating in driverless autonomous mode, was traveling southbound on Polk Street near the intersection with Clay Street. Shortly after passing through the intersection with Clay Street, the Cruise AV made contact with a downed power cable stretching across Polk Street and came to a stop. This caused damage to the Cruise AV’s front fascia. There were no injuries. Cruise was informed by law enforcement to keep the Cruise AV stationary until the power cables were cleared. During the time that the power cable was being cleared and that the Cruise AV was stopped, the Cruise AV ran low on battery power and did not have enough power to return to Cruise facilities on its own. The Cruise AV was therefore towed from the scene once the power cables were cleared.",Raining,Wind,Dark w Street-lights,Dark w Non-functioning Street-lights,Wet,Slippery,Construction on Roadway,No unusual conditions,Proceeding Straight,Other,Hit Object,Other,None Apparent,37.7922325,-122.4211907,37.79359108,-122.4197696,37.79089311,-122.4224676
cruise_032223_2.pdf,Cruise LLC,Cruise,03/22/2023,3:20 AM,2023,Cruise,AV,1258 Shafter Avenue,San Francisco,San Francisco,CA,94124,Yes,No,No,No,No,2,Moderate,No,No,No,No,No,No,No,No,No,No,No,No,No,No,No,No,No,No,No,No,No,No,No,No,No,No,No,Yes,Yes,Yes,Not Available,Not Available,No,No,No,No,No,Only for Old Reports,Only for Old Reports,2,Autonomous Mode,"A Cruise autonomous vehicle (“Cruise AV”), operating in driverless autonomous mode, was traveling southbound on Shafter Avenue between Ingalls Street and Hawes Street. Shortly after the intersection with Ingalls Street, the Cruise AV made contact with a tow dolly attached to the back of a double-parked truck, damaging the front passenger side bumper and front passenger side fender of the Cruise AV. There were no reported injuries.",Raining,Raining,Dark w Street-lights,Dark w Street-lights,Wet,Wet,No unusual conditions,No unusual conditions,Proceeding Straight,Parking,Head-On,Hit Object,None Apparent,37.72765,-122.3841848,37.72752,-122.3843302,37.727584,-122.3842556
cruise_032223_3.pdf,Cruise LLC,Cruise,03/22/2023,11:20 PM,2023,Cruise,AV,2654 Turk Boulevard,San Francisco,San Francisco,CA,94118,Yes,No,No,No,No,3,None,No,No,No,No,No,No,No,No,No,No,No,No,No,No,No,No,No,No,No,No,No,No,No,No,No,No,No,No,No,No,"Smart Car (""Vehicle 2"")",2019,No,Yes,No,No,No,Only for Old Reports,Only for Old Reports,3,Autonomous Mode,"A Cruise autonomous vehicle (“Cruise AV”), operating in driverless autonomous mode, was traveling westbound on Turk Boulevard between Roselyn Terrace and Kittredge Terrace. The Cruise AV came to a complete stop for a vehicle in the process of letting passengers out that was stopped in the Cruise AV’s lane of travel. A Smart Car traveling behind the Cruise AV came to a complete stop behind the Cruise AV. A Honda Accord trailing behind the Smart Car began to decelerate but made contact with the Smart Car, pushing the Smart Car forward into the Cruise AV’s rear bumper. The parties exchanged information. There were no damages to the Cruise AV and there were no reported injuries.",Clear,Clear,Dark w Street-lights,Dark w Street-lights,Dry,Dry,No unusual conditions,No unusual conditions,Stopped,Stopped,Rear End,Rear End,None Apparent,37.7782635,-122.4502641,37.77961248,-122.4489151,37.77691451,-122.4516131
cruise_032323.pdf,Cruise LLC,Cruise,03/23/2023,2:46 PM,2023,Cruise,AV,1452 Haight Street,San Francisco,San Francisco,CA,94117,Yes,No,No,No,No,2,Moderate,No,No,No,No,No,No,No,No,No,No,No,No,No,No,No,No,No,No,No,No,No,No,No,Yes,Yes,Yes,Yes,Yes,Yes,Yes,Bus,Not Available,No,No,No,No,No,Only for Old Reports,Only for Old Reports,2,Autonomous Mode,"A Cruise autonomous vehicle (""Cruise AV""), operating in driverless autonomous mode, was traveling on westbound Haight Street between Ashbury Street and Masonic Avenue. At the same time, a San Francisco Municipal Railway (“MUNI”) Bus stopped ahead of the Cruise AV. Shortly thereafter, the Cruise AV made contact with the rear bumper of the MUNI Bus, damaging the front fascia and front fender of the Cruise AV. The parties exchanged information. There were no reported injuries and the Cruise AV was towed from the scene.",Clear,Clear,Daylight,Daylight,Dry,Dry,No unusual conditions,No unusual conditions,Proceeding Straight,Slowing/Stopping,Head-On,Rear End,None Apparent,37.7702632,-122.4462897,37.77153363,-122.4449255,37.76883566,-122.4476235
cruise_040923.pdf,Cruise LLC,Cruise,04/09/2023,4:45 AM,2023,Cruise,AV,499 25th Avenue,San Francisco,San Francisco,CA,94121,Yes,No,No,No,No,2,Moderate,No,No,No,No,No,No,No,Yes,No,Yes,No,No,No,No,No,Yes,No,Yes,No,No,No,No,No,No,No,No,No,No,No,No,Hatchback,Not Available,Yes,No,No,No,No,Only for Old Reports,Only for Old Reports,2,Autonomous Mode,"A Cruise autonomous vehicle (“Cruise AV”), operating in driverless autonomous mode, was traveling southbound on 25th Avenue between Clement Street and Geary Boulevard. The Cruise AV entered the intersection with Geary Boulevard on a green light. As the Cruise AV was passing through the intersection, a black Volkswagen Hatchback traveling westbound on Geary Boulevard entered the intersection on a red light and shortly thereafter made contact with the Cruise AV, damaging the driver side doors of the Cruise AV. The driver of the Volkswagen Hatchback left the scene without exchanging information. Police were called to the scene. There were no reported injuries and the Cruise AV was towed from the scene.",Clear,Clear,Dark w Street-lights,Dark w Street-lights,Dry,Dry,No unusual conditions,No unusual conditions,Proceeding Straight,Proceeding Straight,Broadside,Head-On,None Apparent,37.7801884,-122.4847538,37.78153738,-122.4834048,37.77883941,-122.4861028
cruise_041223.pdf,Cruise LLC,Cruise,04/12/2023,8:13 PM,2023,Cruise,AV,1198 Turk Street,San Francisco,San Francisco,CA,94115,No,Yes,No,No,No,2,Minor,No,No,No,No,No,No,No,No,No,No,No,No,No,No,No,No,No,No,No,No,No,No,No,Yes,No,Yes,No,No,No,No,Sedan,Not Available,Yes,No,No,No,No,Only for Old Reports,Only for Old Reports,2,Autonomous Mode,"A Cruise autonomous vehicle (“Cruise AV”), operating in driverless autonomous mode, was traveling westbound on Turk Street Street between Webster Street and Laguna Street. The Cruise AV came to a complete stop for a double-parked Sedan in the leftmost lane. The Cruise AV began to maneuver around and to the right of the Sedan when the Sedan reversed into the Cruise AV, damaging the Cruise AV’s front driver side bumper. The driver of the Sedan left the scene without exchanging information. There were no reported injuries.",Clear,Clear,Dark w Street-lights,Dark w Street-lights,Dry,Dry,No unusual conditions,No unusual conditions,Stopped,Backing,Head-On,Rear End,None Apparent,37.7810923,-122.4285058,37.78238033,-122.4271444,37.77968236,-122.4298424
cruise_042123.pdf,Cruise LLC,Cruise,04/21/2023,8:13 PM,2023,Cruise,AV,887 Geary St,San Francisco,San Francisco,CA,94109,No,Yes,No,No,No,2,Moderate,No,No,Yes,No,No,No,No,Yes,No,Yes,No,No,No,No,No,No,No,No,No,No,No,No,No,No,No,No,No,No,No,No,SUV,Not Available,Yes,No,No,No,No,Only for Old Reports,Only for Old Reports,2,Conventional Mode,"A Cruise autonomous vehicle (""Cruise AV""), operating in manual mode, was at a complete stop in response to a red light in the rightmost lane on westbound Geary Boulevard at the intersection with Larkin Street. While the Cruise AV was fully stopped, a Mercedes SUV exited a parking lot onto westbound Geary Boulevard, pulled behind and to the left of the Cruise AV, and made contact with the left side of the Cruise AV, causing damage to the Cruise AV’s rear driver side door and rear driver side wheel well. The parties exchanged information. The Cruise AV operator in the Cruise AV later reported head, shoulder and back injuries.",Clear,Clear,Dark w Street-lights,Dark w Street-lights,Dry,Dry,No unusual conditions,No unusual conditions,Stopped,Making Left Turn,Side Swipe,Side Swipe,None Apparent,37.7860646,-122.4176991,37.7858917,-122.4177902,37.7859859,-122.4177483
cruise_042223.pdf,Cruise LLC,Cruise,04/22/2023,9:59 PM,2022,Cruise,AV,810 10th St,San Francisco,San Francisco,CA,94103,Yes,No,No,No,No,2,Moderate,Yes,Yes,No,No,Yes,No,No,No,No,No,No,No,No,No,No,No,No,No,No,No,No,No,No,No,No,No,No,No,No,No,Sedan,Not Available,Yes,No,No,No,No,Only for Old Reports,Only for Old Reports,2,Autonomous Mode,"A Cruise autonomous vehicle (""Cruise AV""), operating in driverless autonomous mode, was at a complete stop in response to a red light on 10th Street at the intersection with Division Street. The Cruise AV began to make a right turn onto Division Street after the light turned green before yielding to a pedestrian in the crosswalk. Shortly thereafter, a silver Infiniti Sedan traveling behind the Cruise AV made contact with the Cruise AV’s rear bumper, causing damage to the Cruise AV’s rear fascia. The driver of the Infiniti Sedan left the scene without exchanging information. There were no reported injuries.",Clear,Clear,Dark w Street-lights,Dark w Street-lights,Dry,Dry,No unusual conditions,No unusual conditions,Making Right Turn,Proceeding Straight,Rear End,Head-On,None Apparent,37.7693435,-122.4087249,37.77070713,-122.4072701,37.76800916,-122.409968
cruise_050123.pdf,Cruise LLC,Cruise,05/01/2023,2:44 AM,2022,Cruise,AV,36th Ave and Lincoln Way,San Francisco,San Francisco,CA,94122,Yes,No,No,No,No,1,Minor,No,No,No,No,No,No,No,No,No,No,No,No,No,No,No,No,No,No,No,No,No,No,No,No,No,No,No,Yes,Yes,No,Not Available,Not Available,No,No,No,No,No,Only for Old Reports,Only for Old Reports,Not Applicable,Conventional Mode,"A Cruise autonomous vehicle (""Cruise AV""), operating in supervised autonomous mode, was at a complete stop in response to a red light on 36th Avenue at the intersection with Lincoln Way. The Cruise AV began to make a left turn onto Lincoln Way after the light turned green. While the Cruise AV was in the intersection completing the turn, the Cruise AV operator disengaged from autonomous into manual mode. After the disengagement, the Cruise AV operator continued straight forward, and shortly thereafter, made contact with the right curb and concrete guardrail on Lincoln Way. This caused damage to the Cruise AV’s front passenger side bumper and front passenger side fascia. The Cruise AV operator reported injuries and the Cruise AV was towed from the incident.",Clear,Wind,Dark w Street-lights,Dark w Non-functioning Street-lights,Dry,Slippery,No unusual conditions,No unusual conditions,Making Left Turn,Other,Head-On,Other,None Apparent,37.7647065,-122.4955022,37.76605548,-122.4941532,37.76335751,-122.4968512
cruise_050323.pdf,Cruise LLC,Cruise,05/03/2023,4:38 AM,2022,Cruise,AV,Three Embarcadero Center,San Francisco,San Francisco,CA,94111,Yes,No,No,No,No,1,Major,No,No,No,No,No,No,No,No,No,No,Yes,No,No,Yes,No,No,Yes,No,No,Yes,No,No,No,No,No,No,No,No,No,No,Not Available,Not Available,No,No,No,No,No,Only for Old Reports,Only for Old Reports,Not Applicable,Conventional Mode,"A Cruise autonomous vehicle (""Cruise AV""), operating in manual mode, was departing from the Three Embarcadero Center garage facility. As the Cruise AV was leaving the garage, the garage gate began to lower and made contact with the Cruise AV, damaging the roof Lidar assembly. There were no reported injuries.",Raining,Wind,Dark w Street-lights,Dark w Non-functioning Street-lights,Wet,Slippery,No unusual conditions,No unusual conditions,Proceeding Straight,Other,Hit Object,Other,None Apparent,37.7953661,-122.396811,37.7945476,-122.397877,37.7948167,-122.397348
cruise_050423.pdf,Cruise LLC,Cruise,05/04/2023,9:32 AM,2023,Cruise,AV,1798 Franklin St,San Francisco,San Francisco,CA,94109,Yes,No,No,No,No,2,Minor,Yes,Yes,No,Yes,No,Yes,No,No,No,No,No,No,No,No,No,No,No,No,No,No,No,No,No,No,No,No,No,No,No,No,Vespa,Not Available,Yes,No,No,No,No,Only for Old Reports,Only for Old Reports,2,Autonomous Mode,"A Cruise autonomous vehicle (""Cruise AV""), operating in driverless autonomous mode, was traveling northbound on Franklin Street between Clay Street and Sacramento Street. As the Cruise AV passed through the intersection with Sacramento Street, a scooterist approaching from the rear merged into the Cruise AV's lane behind the Cruise AV. The Cruise AV began to brake, and the scooterist made contact with the rear window and rear bumper of the Cruise AV. This caused damage to the rear window, rear bumper and driver side rear headlight of the Cruise AV. The parties exchanged information. There were no injuries reported at the scene and police were not called. The scooterist later reported injuries.",Clear,Clear,Daylight,Daylight,Dry,Dry,No unusual conditions,No unusual conditions,Slowing/Stopping,Proceeding Straight,Rear End,Head-On,None Apparent,37.7910973,-122.4241802,37.79244628,-122.4228312,37.78974831,-122.4255292
cruise_050723.pdf,Cruise LLC,Cruise,05/07/2023,5:03 PM,2022,Cruise,AV,1494 Polk St,San Francisco,San Francisco,CA,94109,Yes,No,No,No,No,2,Minor,No,No,No,No,No,No,No,Yes,No,Yes,No,No,No,No,No,Yes,No,Yes,No,No,No,No,No,No,No,No,No,No,No,No,Scooter,Not Available,Yes,No,No,No,No,Only for Old Reports,Only for Old Reports,2,Conventional Mode,"A Cruise autonomous vehicle (“Cruise AV”), operating in manual mode, was traveling northbound on Polk Street between Pine Street and California Street. As the Cruise AV was passing through the intersection with California Street on a green light, a stand-up scooterist traveling eastbound on California Street entered the intersection on a red light and shortly thereafter made contact with the Cruise AV, damaging the Cruise AV’s front and rear driver side doors, front driver side radar assembly and rear driver side door handle. The scooterist left the scene without exchanging information. There were no reported injuries.",Clear,Clear,Daylight,Daylight,Dry,Dry,No unusual conditions,No unusual conditions,Proceeding Straight,Proceeding Straight,Side Swipe,Head-On,None Apparent,37.7903757,-122.4206537,37.79172468,-122.4193047,37.78902671,-122.4220027
cruise_05112021.pdf,Cruise LLC,Cruise,05/11/2021,3:59 PM,2020,Chevrolet,Bolt,901 Castro St,San Francisco,San Francisco,CA,94114,No,Yes,No,No,No,2,Minor,Yes,Yes,No,No,No,No,No,No,No,No,No,No,No,No,No,No,No,No,No,No,No,No,No,No,No,No,No,No,No,No,Colorado,2017,Yes,No,No,No,No,Only for Old Reports,Only for Old Reports,2,Autonomous Mode,"A Cruise autonomous vehicle (Cruise AV), operating in autonomous mode, was stopped at a stop sign at the four way intersection of Castro and 22nd Streets. A 2017 Chevy Colorado that was traveling behind the Cruise AV made contact with the rear bumper of the Cruise AV. This caused damage to the rear bumper of the Cruise AV. There were minor injuries but the police were not called.",Clear,Clear,Daylight,Daylight,Dry,Dry,No unusual conditions,No unusual conditions,Stopped,Proceeding Straight,Rear End,Head-On,None Apparent,37.7544535,-122.433932,37.7543466,-122.4342824,37.7543899,-122.4340945
cruise_051823.pdf,Cruise LLC,Cruise,05/18/2023,4:00 AM,2023,Cruise,AV,450 10th St,San Francisco,San Francisco,CA,94103,Yes,No,No,No,No,1,Major,No,No,No,No,No,No,No,No,No,No,No,No,No,No,No,No,No,Yes,No,No,No,No,No,No,No,No,No,No,No,No,Not Available,Not Available,No,No,No,No,No,Only for Old Reports,Only for Old Reports,Not Applicable,Conventional Mode,"A Cruise autonomous vehicle (""Cruise AV""), operating in manual mode, was parked in a parking space in a Costco garage facility. As the Cruise AV operator was reversing out of the parking space, the Cruise AV made contact with a cement pillar, damaging the front driver side radar assembly of the Cruise AV. There were no reported injuries.",Clear,Wind,Dark w Street-lights,Dark w Non-functioning Street-lights,Dry,Slippery,No unusual conditions,No unusual conditions,Backing,Other,Hit Object,Other,None Apparent,37.7702274,-122.4109773,37.77174743,-122.4093192,37.76904946,-122.4120171