File ID,Vehicle 1 Manufacturer,Vehicle 1 Business Name,Date,Time,Vehicle 1 Year of Manufacturing,Vehicle 1 Make,Vehicle 1 Model,Location of Accident,City of Accident,County of Accident,State of Accident,ZIPCODE of Accident,Vehicle 1 was Moving,Vehicle 1 was Stopped in Traffic,Pedestrian Involved in Accident (w V1),Bicyclist involved in Accident (w V1),Any other involved entity (w V1),Number of Vehicles involved in Accident (w V1),Vehicle Damage,RB,LR1,LR2,LR3,RR1,RR2,RR3,LRP1,LRP2,LRP3,LRP4,RRP1,RRP2,RRP3,RRP4,FDS1,FDS2,FDS3,FDS4,FPS1,FPS2,FPS3,FPS4,LFC1,LFC2,LFC3,RFC1,RFC2,RFC3,FB,Vehicle 2 Model,Vehicle 2 Year of Manufacturing,Vehicle 2 was Moving,Vehicle 2 was Stopped in Traffic,Pedestrian Involved in Accident (w V2),Bicyclist involved in Accident (w V2),Any other involved entity (w V2),Property Damage,Property Owner's Details,Number of Vehicles involved in Accident (w V2),Car Mode,Description,Weather Vehicle 1,Weather Vehicle 2,Lighting Vehicle 1,Lighting Vehicle 2,Roadway Surface Vehicle 1,Roadway Surface Vehicle 2,Roadway Conditions Vehicle 1,Roadway Conditions Vehicle 2,Movement Preceding Collision Vehicle 1,Movement Preceding Collision Vehicle 2,Type of Collison Vehicle 1,Type of Collison Vehicle 2,Other Factors,Lat1,Lng1,Lat2,Lng2,Lat3,Lng3
cruise_052123.pdf,Cruise LLC,Cruise,05/21/2023,9:24 PM,2022,Cruise,AV,1121 Folsom St,San Francisco,San Francisco,CA,94103,Yes,No,No,No,No,2,Minor,No,No,No,No,No,No,Yes,No,No,No,No,No,No,No,No,No,No,Yes,No,No,No,No,Yes,No,No,No,No,Yes,Yes,No,Impreza,2007,No,Yes,No,No,No,Only for Old Reports,Only for Old Reports,2,Autonomous Mode,"A Cruise autonomous vehicle (“Cruise AV”), operating in driverless autonomous mode, was traveling eastbound on Folsom Street between 8th Street and Langton Street. As the Cruise AV approached the intersection with Langton Street, the Cruise AV traveled over a pothole, which blew out the front driver side tire and caused the Cruise AV to veer into the adjacent parking lane. Shortly thereafter, the Cruise AV made contact with a parked Subaru Impreza, causing damage to the Cruise AV’s front passenger side quarter panel, front passenger side fascia, front driver side tire and rear passenger side quarter panel. Police and Emergency Medical Services were called and the Cruise AV was towed from the scene. The passenger of the Cruise AV was assessed by medical personnel at the scene but was not transported by Emergency Medical Services.",Clear,Clear,Dark w Street-lights,Dark w Street-lights,Dry,Dry,"Holes,Deep Rut",No unusual conditions,Proceeding Straight,Parking,Side Swipe,Side Swipe,None Apparent,37.7761635,-122.4084123,37.77757218,-122.4071013,37.77487421,-122.4097992
cruise_060823.pdf,Cruise LLC,Cruise,06/08/2023,10:37 PM,2022,Cruise,AV,2275 Revere Ave,San Francisco,San Francisco,CA,94124,No,Yes,No,No,No,2,Minor,No,No,No,No,No,No,No,No,No,No,No,No,No,No,No,No,No,No,No,No,No,No,No,No,No,No,No,No,No,Yes,Denali,Not Available,Yes,No,No,No,No,Only for Old Reports,Only for Old Reports,2,Autonomous Mode,"A Cruise autonomous vehicle (“Cruise AV”), operating in driverless autonomous mode, was traveling southbound on Revere Avenue between Industrial Street and Selby Street. The Cruise AV came to a stop behind a GMC Yukon that was stopped diagonally in the Cruise AV’s lane of travel. After the Cruise AV came to a complete stop, the GMC Yukon began reversing further into the Cruise AV’s lane and made contact with the Cruise AV, damaging the front bumper fascia of the Cruise AV. The parties exchanged information and there were no reported injuries.",Clear,Clear,Dark w Street-lights,Dark w Street-lights,Dry,Dry,No unusual conditions,No unusual conditions,Stopped,Backing,Head-On,Rear End,None Apparent,37.7387544,-122.4027678,37.7384524,-122.4031077,37.7386869,-122.4028153
cruise_060923.pdf,Cruise LLC,Cruise,06/09/2023,10:22 PM,2022,Cruise,AV,2181 Harrison St,San Francisco,San Francisco,CA,94110,No,Yes,No,No,No,2,Minor,Yes,Yes,No,No,Yes,No,No,No,No,No,No,No,No,No,No,No,No,No,No,No,No,No,No,No,No,No,No,No,No,No,Transit Cargo Van,2018,Yes,No,No,No,No,Only for Old Reports,Only for Old Reports,2,Autonomous Mode,"A Cruise autonomous vehicle (“Cruise AV”), operating in driverless autonomous mode, was traveling northbound on Harrison St. between 18th Street and 19th Street. As the Cruise AV was coming to a stop for a stop sign at the intersection with 18th Street, a van approaching from the rear failed to stop behind the Cruise AV and made contact with the Cruise AV's rear bumper, damaging the rear bumper of the Cruise AV. Police and Emergency Medical Services were called and the Cruise AV was towed from the scene. The driver of the van was transported by Emergency Medical Services for further evaluation.",Cloudy,Cloudy,Dark w Street-lights,Dark w Street-lights,Dry,Dry,No unusual conditions,No unusual conditions,Stopped,Proceeding Straight,Rear End,Head-On,None Apparent,37.7621075,-122.4126158,37.76344953,-122.4113752,37.76075156,-122.4140731
cruise_061523.pdf,Cruise LLC,Cruise,06/15/2023,9:36 AM,2022,Cruise,AV,3164 Sacramento St,San Francisco,San Francisco,CA,94115,Yes,No,No,No,No,2,Major,No,No,No,No,No,No,No,No,No,No,No,No,No,Yes,No,No,No,No,No,Yes,No,No,No,No,No,No,No,No,No,No,Articulating Boom Lift (Model # 860SJ),2016,No,Yes,No,No,No,Only for Old Reports,Only for Old Reports,2,Autonomous Mode,"A Cruise autonomous vehicle (""Cruise AV""), operating in driverless autonomous mode, was traveling eastbound on Sacramento Street between Lyon Street and Baker Street. The Cruise AV approached a motorized articulating boom lift (“ABL”), which was stopped in the Cruise AV’s lane of travel. As the Cruise AV began to maneuver around and to the left of the ABL, the Cruise AV made contact with the arm of the ABL, which was elevated above the roadway. This caused damage to the Cruise AV’s roof Lidar assembly. There were no reported injuries.",Cloudy,Cloudy,Daylight,Daylight,Dry,Dry,Other,Other,Proceeding Straight,Stopped,Side Swipe,Rear End,None Apparent,37.7886889,-122.4450499,37.7885289,-122.4451528,37.788573,-122.4450971
cruise_061723-2.pdf,Cruise LLC,Cruise,06/17/2023,10:45 AM,2023,Cruise,AV,450 10th St,San Francisco,San Francisco,CA,94103,Yes,No,No,No,No,1,Moderate,No,No,No,No,No,No,No,No,No,No,No,No,No,No,No,No,No,No,No,No,No,No,No,Yes,No,No,No,No,No,No,Not Available,Not Available,No,No,No,No,No,Only for Old Reports,Only for Old Reports,Not Applicable,Conventional Mode,"A Cruise autonomous vehicle (""Cruise AV""), operating in manual mode, was parked in a parking space in a Costco lot facility. As the Cruise AV operator was reversing out of the parking space, the Cruise AV made contact with a cement pillar, damaging the front driver side bumper fascia of the Cruise AV. There were no reported injuries.",Cloudy,Wind,Daylight,Dark w Non-functioning Street-lights,Dry,Slippery,No unusual conditions,No unusual conditions,Backing,Other,Hit Object,Other,None Apparent,37.7702274,-122.4109773,37.77174743,-122.4093192,37.76904946,-122.4120171
cruise_061723.pdf,Cruise LLC,Cruise,06/17/2023,11:30 PM,2023,Cruise,AV,3376 19th St,San Francisco,San Francisco,CA,94110,Yes,No,No,No,No,2,None,No,No,No,No,No,No,No,No,No,No,No,No,No,No,No,No,No,No,No,No,No,No,No,No,No,No,No,No,No,No,Spin Scooter,Not Available,No,Yes,No,No,No,Only for Old Reports,Only for Old Reports,2,Autonomous Mode,"A Cruise autonomous vehicle (""Cruise AV""), operating in driverless autonomous mode, was traveling westbound on 19th Street between Capp Street and Mission Street. The Cruise AV slowed to a stop due to a pedestrian on a scooter who entered the lane of traffic in front of the AV and started proceeding in circles. Shortly thereafter, the pedestrian approached the stopped Cruise AV, placed the scooter on the ground in front of the Cruise AV’s front passenger side tire, and walked away off the roadway. After the pedestrian left, the Cruise AV attempted to proceed forward and made contact with the abandoned scooter. There were no damages to the Cruise AV and there were no reported injuries.",Clear,Clear,Dark w Street-lights,Dark w Street-lights,Dry,Dry,No unusual conditions,No unusual conditions,Proceeding Straight,Stopped,Other,Other,None Apparent,37.7603744,-122.4187275,37.76167113,-122.4173736,37.75897316,-122.4200715
cruise_062923.pdf,Cruise LLC,Cruise,06/29/2023,13:05,2020,Cruise,AV,1207 Selby St,San Francisco,San Francisco,CA,94124,Yes,No,No,No,No,2,Minor,No,No,No,No,No,No,Yes,No,No,No,No,No,Yes,No,No,No,No,No,No,No,No,No,No,No,No,No,No,No,No,No,Semi-Trailer Truck,Not Available,No,Yes,No,No,No,Only for Old Reports,Only for Old Reports,2,Conventional Mode,"A Cruise autonomous vehicle (“Cruise AV”), operating in supervised autonomous mode, was traveling southbound on Selby Street between Palou Avenue and Oakdale Avenue. The Cruise AV came to a stop behind a semi-trailer truck that was slowly reversing diagonally onto Selby Street from the intersection with Palou Avenue. As the semi-trailer truck began encroaching into the Cruise AV’s lane of travel, the Cruise AV operator disengaged from autonomous into manual mode and began reversing the Cruise AV, causing the Cruise AV to back into a different semi-trailer truck parked behind the Cruise AV. This caused damage to the Cruise AV’s rear passenger side wheel molding. The Cruise AV operator left information for the other party and there were no reported injuries.",Clear,Clear,Daylight,Daylight,Dry,Dry,No unusual conditions,No unusual conditions,Backing,Stopped,Side Swipe,Side Swipe,None Apparent,37.7397488,-122.399822,37.74109778,-122.398473,37.73839981,-122.401171
cruise_070223.pdf,Cruise LLC,Cruise,07/02/2023,12:07 AM,2023,Cruise,AV,190 Franklin St,San Francisco,San Francisco,CA,94102,Yes,No,No,No,No,2,Minor,No,No,No,No,No,No,No,No,No,Yes,No,No,No,No,No,Yes,No,No,No,No,No,No,No,No,No,No,No,No,No,No,Kia Forte,2022,Yes,No,No,No,No,Only for Old Reports,Only for Old Reports,2,Autonomous Mode,"A Cruise autonomous vehicle (“Cruise AV”), operating in driverless autonomous mode, was traveling northbound on Franklin Street in the second rightmost lane between Hayes Street and Fell Street. At the same time, a white Kia Forte traveling in the adjacent center lane veered into the Cruise AV’s lane without a turn signal. Shortly thereafter, contact was made with the Cruise AV’s driver side front and rear passenger door, damaging the driver side front and rear passenger door of the Cruise AV. The driver of the white Kia Forte left the scene without exchanging information. There were no reported injuries.",Clear,Clear,Dark w Street-lights,Dark w Street-lights,Dry,Dry,No unusual conditions,No unusual conditions,Proceeding Straight,Changing Lanes,Side Swipe,Side Swipe,None Apparent,37.7760827,-122.4211592,37.77743168,-122.4198102,37.77473371,-122.4225082
cruise_07212023-a.pdf,Cruise LLC,Cruise,05/11/2021,3:59 PM,2022,Cruise,AV,425 McAllister Street,San Francisco,San Francisco,CA,94102,Yes,No,No,No,No,3,Minor,No,No,No,No,No,No,No,No,No,No,No,No,No,No,No,No,No,No,No,No,No,No,No,No,No,Yes,No,No,No,Yes,"Q60 (""Vehicle 2"")",Not Available,Yes,No,No,No,No,Only for Old Reports,Only for Old Reports,3,Autonomous Mode,"A Cruise autonomous vehicle (Cruise AV), operating in autonomous mode, was stopped at a stop sign at the four way intersection of Castro and 22nd Streets. A 2017 Chevy Colorado that was traveling behind the Cruise AV made contact with the rear bumper of the Cruise AV. This caused damage to the rear bumper of the Cruise AV. There were minor injuries but the police were not called.",Clear,Clear,Dark w Street-lights,Dark w Street-lights,Dry,Dry,No unusual conditions,No unusual conditions,Proceeding Straight,Other,Head-On,Rear End,None Apparent,37.7802303,-122.418982,37.78157928,-122.417633,37.77888131,-122.420331
cruise_07212023-b.pdf,Cruise LLC,Cruise,07/21/2023,1:56 AM,2022,Cruise,AV,425 McAllister Street,San Francisco,San Francisco,CA,94102,Yes,No,No,No,No,3,Minor,No,No,No,No,No,No,No,No,No,No,No,No,No,No,No,No,No,No,No,No,No,No,No,No,No,Yes,No,No,No,Yes,"Sedan (""Vehicle 3"")",Not Available,Yes,No,No,No,No,Only for Old Reports,Only for Old Reports,3,Autonomous Mode,"A Cruise autonomous vehicle (""Cruise AV""), operating in driverless autonomous mode, was traveling eastbound on McAllister Street between Van Ness Avenue and Polk Street. As the Cruise AV was slowing for a red light at the intersection with Polk Street, an Infiniti Q60 traveling westbound on McAllister Street failed to stop for the red light, entered the intersection, and made contact with a black sedan traveling southbound on Polk Street that entered the intersection on a green light. The Infiniti Q60 spun after contact and continued into the Cruise AV, damaging the front bumper fascia of the Cruise AV. The driver of the Infiniti Q60 was transported by police. There were no reported injuries and both the Infiniti Q60 and the black sedan were towed from the scene.",Clear,Clear,Dark w Street-lights,Dark w Street-lights,Dry,Dry,No unusual conditions,No unusual conditions,Proceeding Straight,Proceeding Straight,Head-On,Broadside,None Apparent,37.7802303,-122.418982,37.78157928,-122.417633,37.77888131,-122.420331
cruise_07282023.pdf,Cruise LLC,Cruise,07/28/2023,11:51 PM,2022,Cruise,AV,1698 Van Ness Ave,San Francisco,San Francisco,CA,94109,Yes,No,No,No,No,2,Moderate,Yes,No,No,No,Yes,No,No,No,No,No,No,No,No,No,No,No,No,No,No,No,No,No,No,No,No,No,No,No,No,No,Pickup truck,Not Available,Yes,No,No,No,No,Only for Old Reports,Only for Old Reports,2,Autonomous Mode,"A Cruise autonomous vehicle (""Cruise AV""), operating in driverless autonomous mode, was traveling northbound on Van Ness Avenue between California Street and Sacramento Street. As the Cruise AV was passing through the intersection with Sacramento Street on a green light, a bag lying on the roadway blew in front of the Cruise AV. The Cruise AV braked for the object, and a white pickup truck traveling behind the Cruise AV rear-ended the Cruise AV, damaging the rear right bumper, rear right quarter panel, and rear windshield. The driver of the white pickup truck left the scene without exchanging information. There were no reported injuries and the Cruise AV was towed.",Clear,Clear,Dark w Street-lights,Dark w Street-lights,Dry,Dry,No unusual conditions,No unusual conditions,Other,Proceeding Straight,Rear End,Head-On,None Apparent,37.7913282,-122.4224585,37.79267718,-122.4211095,37.78997921,-122.4238075
cruise_07302023.pdf,Cruise LLC,Cruise,07/30/2023,10:41 PM,2023,Cruise,AV,3309 Mission St,San Francisco,San Francisco,CA,94110,Yes,No,No,No,No,2,Minor,No,No,No,No,Yes,No,Yes,No,No,No,No,No,No,No,No,No,No,No,No,No,No,No,No,No,No,No,No,No,No,No,Sedan,Not Available,Yes,No,No,No,No,Only for Old Reports,Only for Old Reports,2,Autonomous Mode,"A Cruise autonomous vehicle (“AV”), operating in driverless autonomous mode, was traveling northbound on Mission Street between Virginia Avenue and 29th Street. As the AV was yielding to oncoming traffic in preparation to make a left turn onto westbound 29th Street on a green light, a dark-colored BMW Sedan traveling behind the AV failed to stop and rear-ended the AV, damaging the rear passenger side bumper fascia and rear passenger side wheel molding of the AV. The driver of the dark-colored BMW Sedan left the scene without exchanging information. There were no reported injuries.",Clear,Clear,Dark w Street-lights,Dark w Street-lights,Dry,Dry,No unusual conditions,No unusual conditions,Proceeding Straight,Proceeding Straight,Rear End,Head-On,None Apparent,37.7440372,-122.4204988,37.74387,-122.4208177,37.7439541,-122.4206562
cruise_08082023.pdf,Cruise LLC,Cruise,08/08/2023,10:37 AM,2023,Cruise,AV,901 Pennsylvania Ave,San Francisco,San Francisco,CA,94107,No,Yes,No,No,No,2,Minor,No,No,No,No,No,No,No,No,No,No,No,No,No,No,No,No,No,No,No,No,No,No,No,No,No,No,No,Yes,Yes,No,Freightliner,2016,Yes,No,No,No,No,Only for Old Reports,Only for Old Reports,2,Autonomous Mode,"A Cruise autonomous vehicle (“AV”), operating in driverless autonomous mode, was traveling northbound on Pennsylvania Avenue between 23rd Street and 25th Street when the AV approached a double-parked semi-trailer truck in the AV’s lane of travel. The AV began to maneuver around and to the left of the semi-trailer truck and came to a stop for a stop sign at the intersection with 23rd Street. At the same time, the semi-trailer truck proceeded forward and, shortly thereafter, made contact with the AV. This caused damage to the front passenger side bumper fascia of the AV. The parties exchanged information and there were no reported injuries.",Clear,Clear,Daylight,Daylight,Dry,Dry,No unusual conditions,No unusual conditions,Stopped,Proceeding Straight,Side Swipe,Side Swipe,None Apparent,37.7546825,-122.3927067,37.75602733,-122.3914354,37.75332936,-122.3941334
cruise_08142023.pdf,Cruise LLC,Cruise,08/14/2023,4:45 PM,2023,Cruise,AV,131 Albion St,San Francisco,San Francisco,CA,94110,No,Yes,No,No,No,2,Moderate,No,Yes,Yes,No,No,No,No,Yes,No,No,No,No,No,No,No,No,No,No,No,No,No,No,No,No,No,No,No,No,No,No,Ford truck,Not Available,Yes,No,No,No,No,Only for Old Reports,Only for Old Reports,2,Autonomous Mode,"A Cruise autonomous vehicle (“AV”), operating in driverless autonomous mode, was traveling southbound on Albion Street between 16th Street and Camp Street. At the same time, a Ford pickup truck was traveling northbound on Albion Street partially in the AV’s lane of travel. The AV stopped due to limited space to proceed forward due to the encroaching Ford pickup truck, and, shortly thereafter, the Ford pickup truck made contact with the AV, damaging the AV’s rear driver side bumper fascia, rear driver side quarter panel and rear driver side wheel molding. The driver of the Ford pickup truck left the scene without exchanging information. There were no reported injuries.",Clear,Clear,Daylight,Daylight,Dry,Dry,No unusual conditions,No unusual conditions,Stopped,Proceeding Straight,Side Swipe,Side Swipe,None Apparent,37.7644039,-122.4223612,37.7642997,-122.4227421,37.7643448,-122.4225476
cruise_08172023.pdf,Cruise LLC,Cruise,08/17/2023,12:12 AM,2023,Cruise,AV,2100 17th St,San Francisco,San Francisco,CA,94103,No,Yes,No,No,No,2,Minor,No,No,Yes,No,No,No,No,Yes,No,Yes,No,No,No,No,No,Yes,No,No,No,No,No,No,No,No,No,No,No,No,No,No,Odyssey,1999,Yes,No,No,No,No,Only for Old Reports,Only for Old Reports,2,Autonomous Mode,"A Cruise autonomous vehicle (""AV""), operating in driverless autonomous mode, was at a complete stop in response to a stop sign on eastbound 17th Street at the intersection with Vermont Street. As the AV began to proceed straight, a gray Honda Odyssey traveling westbound on 17th Street on the opposite side of the intersection from the AV entered the intersection and veered into the AV’s lane of travel. The AV stopped in response as the Honda Odyssey continued traveling in the AV’s lane of travel through the intersection and, shortly thereafter, the Honda Odyssey made contact with the AV, damaging the front and rear driver side doors, front driver side radar assembly and rear driver side tire of the AV. The parties exchanged information. There were no reported injuries and the AV was towed from the scene.",Clear,Clear,Dark w Street-lights,Dark w Street-lights,Dry,Dry,No unusual conditions,No unusual conditions,Stopped,Proceeding Straight,Side Swipe,Side Swipe,None Apparent,37.7646783,-122.4045306,37.76602728,-122.4031816,37.76332931,-122.4058796
cruise_08182023.pdf,Cruise LLC,Cruise,08/18/2023,12:19 AM,2023,Cruise,AV,3401 26th St,San Francisco,San Francisco,CA,94110,No,Yes,No,No,No,2,Major,Yes,Yes,No,Yes,No,Yes,No,Yes,No,Yes,No,No,No,No,No,Yes,No,No,No,No,No,No,No,No,No,No,No,No,No,No,Charger,2021,Yes,No,No,No,No,Only for Old Reports,Only for Old Reports,2,Autonomous Mode,"A Cruise autonomous vehicle (“AV”), operating in driverless autonomous mode, was at a complete stop in response to a red light on eastbound 26th Street at the intersection with Mission Street. As the AV was proceeding after the light turned green, a Dodge Charger traveling southbound on Mission Street failed to stop for the red light, entered the intersection, and made contact with the AV, damaging the front and rear driver side and rear bumper fascia of the AV. Police and Emergency Medical Services (EMS) were called to the scene. The AV was towed from the scene. The passenger of the Dodge Charger was assessed by medical personnel at the scene and was not transported by EMS.",Clear,Clear,Dark w Street-lights,Dark w Street-lights,Dry,Dry,No unusual conditions,No unusual conditions,Stopped,Proceeding Straight,Broadside,Head-On,None Apparent,37.7490437,-122.4181715,37.75039268,-122.4168225,37.74769471,-122.4195205
cruise_09112023.pdf,Cruise LLC,Cruise,09/11/2023,5:32 PM,2022,Cruise,AV,215 Bush St,San Francisco,San Francisco,CA,94104,No,Yes,No,No,No,2,Minor,No,No,No,No,No,No,No,No,No,No,No,No,No,No,No,No,No,Yes,No,No,No,No,No,Yes,No,Yes,No,No,No,No,Delivery truck,Not Available,Yes,No,No,No,No,Only for Old Reports,Only for Old Reports,2,Autonomous Mode,"A Cruise autonomous vehicle (""AV""), operating in driverless autonomous mode, was at a complete stop in response to a red light on eastbound Bush Street in the second leftmost lane at the intersection with Sansome Street. As the AV attempted to maneuver into the left turn lane, the AV slowed to a complete stop. A delivery truck traveling behind and to the left of the AV proceeded forward and attempted to drive past the AV on the left. Shortly thereafter, the delivery truck made contact with the AV, damaging the AV’s front driver side bumper fascia and front driver side wheel opening molding. The driver of the delivery truck left the scene without exchanging information. There were no reported injuries.",Clear,Clear,Daylight,Daylight,Dry,Dry,No unusual conditions,No unusual conditions,Stopped,Proceeding Straight,Side Swipe,Side Swipe,None Apparent,37.7911414,-122.4011562,37.79249038,-122.3998072,37.78979241,-122.4025052
cruise_09252023.pdf,Cruise LLC,Cruise,09/25/2023,9:37 AM,2020,Cruise,AV,382 25th Ave,San Francisco,San Francisco,CA,94121,Yes,No,No,No,No,2,Minor,No,No,No,No,No,No,No,No,No,No,No,No,No,No,No,No,No,No,No,No,No,No,No,No,No,No,No,Yes,Yes,No,Voyager,2021,No,No,No,No,Parked,Only for Old Reports,Only for Old Reports,2,Conventional Mode,"A Cruise autonomous vehicle (""AV""), operating in manual mode, was traveling northbound on 25th Avenue between California Street and Clement Street. The AV operator improperly engaged from manual into autonomous mode while the AV was in motion, temporarily causing the AV to steer to the right. The AV operator then disengaged from autonomous mode into manual mode, and shortly thereafter, the AV made contact with an unoccupied and parked red Chrysler Voyager. This caused damage to the AV’s front passenger side bumper fascia. The AV operator left contact information for the other party and there were no reported injuries.",Clear,Clear,Daylight,Daylight,Dry,Dry,No unusual conditions,No unusual conditions,Proceeding Straight,Parking,Side Swipe,Side Swipe,None Apparent,37.78235,-122.4847643,37.78369528,-122.4834909,37.78099731,-122.4861888
cruise_09272023.pdf,Cruise LLC,Cruise,09/27/2023,8:42 AM,2023,Cruise,AV,453 2nd St,San Francisco,San Francisco,CA,94107,Yes,No,No,No,No,2,Minor,No,No,No,No,No,No,No,No,No,No,No,No,No,No,No,No,No,No,No,No,No,No,No,No,No,No,No,Yes,Yes,No,Model 3,2018,Yes,No,No,No,No,Only for Old Reports,Only for Old Reports,2,Autonomous Mode,"A Cruise autonomous vehicle (“AV”), operating in driverless autonomous mode, was traveling northbound on 2nd Street between Stillman Street and Bryant Street. As the AV was approaching the intersection with Stillman Street, a blue Model 3 Tesla exited out of a parking garage into the AV’s lane of travel. The AV braked and, shortly thereafter, the AV made contact with the Model 3 Tesla, damaging the AV’s front bumper fascia and front passenger side wheel opening molding. The driver of the Model 3 Tesla left the scene without exchanging information. There were no reported injuries. The driver of the Model 3 Tesla later reported damages.",Clear,Clear,Daylight,Daylight,Dry,Dry,No unusual conditions,No unusual conditions,Proceeding Straight,Proceeding Straight,Head-On,Broadside,None Apparent,37.7835245,-122.3941719,37.78487348,-122.3928229,37.78217551,-122.3955209
cruise_10062023.pdf,Cruise LLC,Cruise,10/06/2023,11:37 AM,2023,Cruise,AV,308 Scott St,San Francisco,San Francisco,CA,94117,No,Yes,No,No,No,2,Minor,No,No,No,No,No,No,No,No,No,No,No,No,No,No,No,Yes,No,No,No,No,No,No,No,No,No,No,No,No,No,No,Metris,2018,Yes,No,No,No,No,Only for Old Reports,Only for Old Reports,2,Autonomous Mode,"A Cruise autonomous vehicle (""AV""), operating in driverless autonomous mode, was stopped for a passenger pick-up in the AV’s lane of travel on northbound Scott Street between Oak Street and Page Street. After picking up the passenger while the AV remained stopped, a white Mercedes-Benz Metris reversed out of a driveway and made contact with the AV, damaging the AV’s front driver side door and front driver side auxiliary mirror. The parties exchanged information and there were no reported injuries.",Clear,Clear,Daylight,Daylight,Dry,Dry,No unusual conditions,No unusual conditions,Stopped,Backing,Broadside,Rear End,None Apparent,37.7726509,-122.435493,37.77399018,-122.4342199,37.77129221,-122.4369179
cruise_12012021.pdf,Cruise LLC,Cruise,12/01/2021,5:35 PM,2020,Chevrolet,Bolt,1219 Hayes St,San Francisco,San Francisco,CA,94117,Yes,No,No,No,No,2,Minor,No,No,No,No,No,No,No,No,No,No,No,No,No,No,No,No,No,No,No,No,No,No,No,No,No,Yes,No,No,Yes,Yes,Toyota,2017,No,No,No,No,No,Only for Old Reports,Only for Old Reports,Not Applicable,Conventional Mode,"A Cruise autonomous vehicle (""Cruise AV""), operating in manual mode, was traveling eastbound on Hayes Street between Scott Street and Divisadero Street. As the Cruise AV approached the intersection with Divisadero Street, the Cruise AV made contact with the rear bumper of a 2017 Toyota Prius that was stopped at the intersection. This caused damage to the front bumper of the Cruise AV and the rear bumper of the 2017 Toyota Prius. No injuries were reported at the scene by either party. A Cruise AV test driver later sought medical evaluation.",Clear,Clear,Dark w Street-lights,Dark w Street-lights,Slippery,Slippery,No unusual conditions,No unusual conditions,Proceeding Straight,Stopped,Head-On,Rear End,None Apparent,37.7749193,-122.4365064,37.77639148,-122.4351827,37.77369351,-122.4378807
cruise_12112021.pdf,Cruise LLC,Cruise,12/11/2021,4:47 PM,2020,Chevrolet,Bolt,460 Larkin St,San Francisco,San Francisco,CA,94102,Yes,Yes,No,No,No,2,Minor,Yes,Yes,No,No,No,No,No,No,No,No,No,No,No,No,No,No,No,No,No,No,No,No,No,No,No,No,No,No,No,No,Toyota Truck,Not Available,Yes,No,No,No,No,Only for Old Reports,Only for Old Reports,Not Applicable,Autonomous Mode,"A Cruise autonomous vehicle (""Cruise AV""), operating in supervised autonomous mode, was at a complete stop in response to a red light on northbound Larkin Street at the intersection with Turk Street. The Cruise AV entered the intersection on a green light and continued straight when a cyclist traveling eastbound on Turk Street entered the crosswalk. The Cruise AV braked to the cyclist and, shortly thereafter, another vehicle traveling behind the Cruise AV made contact with the Cruise AV's rear bumper, damaging the rear left bumper. The driver of the other vehicle left the scene without exchanging information. There were no injuries and police were not called.",Clear,Clear,Daylight,Daylight,Dry,Dry,No unusual conditions,No unusual conditions,Stopped,Making Left Turn,Rear End,Head-On,None Apparent,37.7822686,-122.4171251,37.78363748,-122.4158845,37.78093951,-122.4185825
Cruise_Automation_010816.pdf,"Cruise Automation, Inc","Cruise Automation, Inc",01/08/16,1:41 PM,2012,Nissan,Leaf,7th and Bryant,San Francisco,San Francisco,CA,94103,Yes,No,No,No,No,2,Not Available,Not Available,Not Available,Not Available,Not Available,Not Available,Not Available,Not Available,Not Available,Not Available,Not Available,Not Available,Not Available,Not Available,Not Available,Not Available,Not Available,Not Available,Not Available,Not Available,Not Available,Not Available,Not Available,Not Available,Not Available,Not Available,Not Available,Not Available,Not Available,Not Available,Not Available,Toyota Prius,Not Available,No,Yes,No,No,No,Not Available,Not Available,2,Conventional Mode,"A Cruise Nissan Leaf autonomous vehicle (*Cruise AV"") was in autonomous mode traveling north at approximately 20 miles per hour in the right lane of 7th Strtet. The vehicle began moving within its lane to the left, and then began correcting to the rigi, at which point the driver decided to take over manual control. After faking over manual control, the operator did not change the path of the vehicle and collided with an unoccupied Toyota Prius that was parallel parked on 7th Street approximatoly 20 feet before the intersection with Bryan Steet. The Prius sustained minor visible damago to the front left quarterpanel area. The Cruise AV sustained minor visible damage to the front right quarterpanel area. There were no injuries.",,,,,,,,,,,,,,,,,,,
cruise-collision-report-december-13-2019.pdf,Cruise LLC,Cruise,12/13/2019,7:55 AM,2020,Chevrolet,Bolt,Bryant St. and Delancey St.,San Francisco,San Francisco,CA,94107,Yes,No,No,No,No,2,Minor,No,Yes,Yes,No,No,No,No,No,No,No,No,No,No,No,No,No,No,No,No,No,No,No,No,No,No,No,No,No,No,No,Sienna,2015,No,No,No,No,No,Only for Old Reports,Only for Old Reports,2,Autonomous Mode,"A Cruise autonomous vehicle (“Cruise AV”) being driven in conventional mode was involved in a collision on Delancey Street south of the intersection with Brannan Street. While the driver of the Cruise AV was reversing out of its perpendicular parking spot on Delancey, another vehicle simultaneously reversing out of its perpendicular parking spot on the opposite side of the street made contact with the rear bumper of the Cruise AV, damaging the Cruise AV’s left tail lamp assembly and rear fascia. There were no injuries reported at the scene by either party and police were not called. Days after the collision, both of the Cruise AV test operators reported injuries.",Clear,Clear,Daylight,Daylight,Dry,Dry,No unusual conditions,No unusual conditions,Parking Manuever,Parking Manuever,Other,Rear End,None Apparent,37.7861918,-122.3888984,37.7828839,-122.391185,37.784139,-122.3905012