File ID,Vehicle 1 Manufacturer,Vehicle 1 Business Name,Date,Time,Vehicle 1 Year of Manufacturing,Vehicle 1 Make,Vehicle 1 Model,Location of Accident,City of Accident,County of Accident,State of Accident,ZIPCODE of Accident,Vehicle 1 was Moving,Vehicle 1 was Stopped in Traffic,Pedestrian Involved in Accident (w V1),Bicyclist involved in Accident (w V1),Any other involved entity (w V1),Number of Vehicles involved in Accident (w V1),Vehicle Damage,RB,LR1,LR2,LR3,RR1,RR2,RR3,LRP1,LRP2,LRP3,LRP4,RRP1,RRP2,RRP3,RRP4,FDS1,FDS2,FDS3,FDS4,FPS1,FPS2,FPS3,FPS4,LFC1,LFC2,LFC3,RFC1,RFC2,RFC3,FB,Vehicle 2 Model,Vehicle 2 Year of Manufacturing,Vehicle 2 was Moving,Vehicle 2 was Stopped in Traffic,Pedestrian Involved in Accident (w V2),Bicyclist involved in Accident (w V2),Any other involved entity (w V2),Property Damage,Property Owner's Details,Number of Vehicles involved in Accident (w V2),Car Mode,Description,Weather Vehicle 1,Weather Vehicle 2,Lighting Vehicle 1,Lighting Vehicle 2,Roadway Surface Vehicle 1,Roadway Surface Vehicle 2,Roadway Conditions Vehicle 1,Roadway Conditions Vehicle 2,Movement Preceding Collision Vehicle 1,Movement Preceding Collision Vehicle 2,Type of Collison Vehicle 1,Type of Collison Vehicle 2,Other Factors,Lat1,Lng1,Lat2,Lng2,Lat3,Lng3
gm-cruise-collision-report-may-24-2019.pdf,GM Cruise LLC,Cruise,05/24/2019,7:36 PM,2019,Chevrolet,Bolt,Geary Blvd between 8th Ave and 9th Ave,San Francisco,San Francisco,CA,94118,Yes,No,No,No,No,2,Moderate,No,No,No,No,Yes,No,No,No,No,No,No,No,No,No,No,No,No,No,No,No,No,No,No,No,No,No,No,No,No,No,Elantra,2017,Yes,No,No,No,No,Only for Old Reports,Only for Old Reports,2,Autonomous Mode,"A Cruise autonomous vehicle (“Cruise AV”), operating in autonomous mode, was changing lanes into the left turn lane on eastbound Geary Boulevard between 8th and 9th Avenues when the Cruise AV slowed down. The driver of the Cruise AV disengaged from autonomous mode and, shortly thereafter, another vehicle changing into the same lane made contact with the rear bumper of the Cruise AV, damaging the Cruise AV’s bumper. There were no injuries and police were not called.",Clear,Clear,Daylight,Daylight,Dry,Dry,No unusual conditions,No unusual conditions,Changing Lanes,Changing Lanes,Other,Rear End,None Apparent,,,,,,
gm-cruise-collision-report-may-8-2019.pdf,GM Cruise LLC,Cruise,05/08/2019,8:55 AM,2019,Chevrolet,Bolt,Franklin St. and Bay St.,San Francisco,San Francisco,CA,94123,No,Yes,No,No,No,2,Minor,No,No,No,No,No,No,No,No,No,No,No,No,No,No,No,No,No,No,No,No,No,No,No,No,No,No,No,Yes,No,No,unk,Not Available,Yes,No,No,No,No,Only for Old Reports,Only for Old Reports,2,Autonomous Mode,"A Cruise autonomous vehicle (“Cruise AV”), operating in autonomous mode, was stopped at a red light on northbound Franklin Street at the intersection with Bay Street when a lane-splitting motorcycle made contact with the Cruise AV’s front right articulating radar, damaging the cover. The motorcyclist did not stop. There were no injuries and police were not called.",Clear,Clear,Dark w Street-lights,Dark w Street-lights,Dry,Dry,No unusual conditions,No unusual conditions,Making Right Turn,Entrering Traffic,Other,Rear End,None Apparent,,,,,,
gm-cruise-collision-report-october-12-2019.pdf,Cruise LLC,Cruise,10/12/2019,1:23 PM,2020,Chevrolet,Bolt,Spear St. between Howard St. and Folsom St.,San Francisco,San Francisco,CA,94105,Yes,No,No,No,No,2,Minor,No,No,No,No,No,No,No,No,No,No,No,No,No,No,No,No,No,No,No,No,No,No,No,No,No,No,No,No,No,No,unk,Not Available,Yes,No,No,No,No,Only for Old Reports,Only for Old Reports,,Autonomous Mode,"A Cruise autonomous vehicle (“Cruise AV”), operating in autonomous mode, was traveling southeast bound on Spear Street between Howard and Folsom Streets when the Cruise AV slowed down to change into the right adjacent lane due to traffic cones ahead. The driver of the Cruise AV disengaged from autonomous mode and, shortly thereafter, a lane-splitting car made contact with the right rear corner of the Cruise AV, damaging the Cruise AV’s right lower tail lamp. The driver of the other vehicle drove away without exchanging information. There were no injuries reported. Police were called but were not dispatched to the scene.",Clear,Clear,Daylight,Daylight,Dry,Dry,Construction - Repair Zone,Construction - Repair Zone,Changing Lanes,Proceeding Straight,Other,Rear End,None Apparent,,,,,,
gm-cruise-collision-report-october-3-2019.pdf,GM Cruise LLC,Cruise,10/03/2019,4:40 PM,2020,Chevrolet,Bolt,10th St. and Bryant St.,San Francisco,San Francisco,CA,94103,No,Yes,No,No,Scooter,1,None,No,No,No,No,Yes,No,Yes,No,No,No,No,No,No,No,No,No,No,No,No,No,No,No,No,No,No,No,No,No,No,No,Mazda,Not Available,Yes,No,No,No,No,Only for Old Reports,Only for Old Reports,2,Conventional Mode,"A Cruise autonomous vehicle (“Cruise AV”), operating in autonomous mode, was traveling northeast bound on Bryant Street between 11th and 10th Streets when the Cruise AV yielded to a parallel parking vehicle ahead on the right. Shortly thereafter, a lane-splitting electric scooterist attempting to change lanes made contact with the left rear corner of the Cruise AV. There were no injuries reported at the scene by either party and police were not called. The electric scooterist later reported injuries.",Clear,Clear,Daylight,Daylight,Dry,Dry,No unusual conditions,No unusual conditions,Slowing/Stopping,Changing Lanes,Other,Side Swipe,None Apparent,,,,,,
gm-cruise-collision-report-september-27-2019.pdf,GM Cruise LLC,Cruise,09/27/2019,11:49 AM,2020,Chevrolet,Bolt,Clay St. and Kearny St.,San Francisco,San Francisco,CA,94108,No,Yes,No,No,No,1,Minor,No,No,No,No,No,No,Yes,No,No,No,No,No,No,No,No,No,No,No,No,No,No,No,No,No,No,No,No,No,No,No,unk,Not Available,Yes,No,No,Yes,No,Only for Old Reports,Only for Old Reports,1,Conventional Mode,"A Cruise autonomous vehicle (“Cruise AV”), operating in autonomous mode, was traveling eastbound on Clay Street at the intersection with Kearny Street when the Cruise AV slowed down. The driver of the Cruise AV disengaged from autonomous mode and, shortly thereafter, a bicyclist proceeding straight on northbound Kearny Street made contact with the right rear fender of the Cruise AV, damaging its fender. The bicyclist left the scene without exchanging information. There were no injuries and police were not called.",Clear,Clear,Daylight,Daylight,Dry,Dry,No unusual conditions,No unusual conditions,Slowing/Stopping,Proceeding Straight,Other,Broadside,None Apparent,,,,,,
gm-cruise-collision-report-september-5-2019.pdf,GM Cruise LLC,Cruise,09/05/2019,5:33 PM,2020,Chevrolet,Bolt,Haight St. and Gough St.,San Francisco,San Francisco,CA,94102,Yes,No,No,No,No,2,Minor,No,No,No,No,No,No,No,No,No,No,No,No,Yes,No,No,No,No,No,No,No,No,No,No,No,No,No,No,No,No,No,Vespa,Not Available,Yes,No,No,No,No,Only for Old Reports,Only for Old Reports,2,Conventional Mode,"A Cruise autonomous vehicle (“Cruise AV”) being driven in conventional mode was involved in a collision after completing a right turn from southwest bound Market Street onto westbound Haight Street at the intersection with Gough Street. As the driver of the Cruise AV proceeded on Haight through Gough, a motor scooterist, proceeding southbound on Gough through the intersection with Haight, made contact with the right rear passenger door of the Cruise AV, denting the door. There were no injuries reported at the scene by either party. Police were called but not dispatched to the scene. Days after the collision, the motor scooterist reported injuries.",Clear,Clear,Daylight,Daylight,Dry,Dry,No unusual conditions,No unusual conditions,Proceeding Straight,Proceeding Straight,Other,Broadside,None Apparent,,,,,,
gm-cruise-collision-report-september-9-2019.pdf,GM Cruise LLC,Cruise,09/09/2019,4:24 PM,2020,Chevrolet,Bolt,Geary Blvd and Palm Ave.,San Francisco,San Francisco,CA,94118,No,Yes,No,No,No,2,None,No,No,No,No,No,No,No,No,No,No,No,No,No,No,No,No,No,No,No,No,No,No,No,No,No,No,No,No,No,No,Forester,2005,Yes,No,No,No,No,Only for Old Reports,Only for Old Reports,2,Autonomous Mode,"A Cruise autonomous vehicle (“Cruise AV), operating in autonomous mode, was yielding to oncoming traffic prior to making a left turn onto northbound Palm Avenue from eastbound Geary Boulevard when another vehicle made contact with the rear bumper of the Cruise AV. There were no injuries reported at the scene by either party and police were not called. The Cruise AV tester sitting in the front passenger seat later mentioned neck pain.",Clear,Clear,Daylight,Daylight,Dry,Dry,No unusual conditions,No unusual conditions,Stopped,Making Left Turn,Other,Rear End,None Apparent,,,,,,
GMCruise_010218.pdf,GM Cruise LLC,Cruise,01/02/2018,21:27,2017,Chevrolet,Bolt,Valencia St. & 16th St,San Francisco,San Francisco,CA,94103,Yes,No,No,No,No,1,Not Available,Not Available,Not Available,Not Available,Not Available,Not Available,Not Available,Not Available,Not Available,Not Available,Not Available,Not Available,Not Available,Not Available,Not Available,Not Available,Not Available,Not Available,Not Available,Not Available,Not Available,Not Available,Not Available,Not Available,Not Available,Not Available,Not Available,Not Available,Not Available,Not Available,Not Available,Not Applicable,Not Applicable,No,No,Yes,No,No,Left rear tail light damage,GM Cruise LLC,1,Autonomous Mode,"This statement is amended from the original filed on 1/10/2018 to correct the phrase ""sustained some damage to its right rear light"" by
replacing the phrase with ""sustained some damage to its left rear light"".
A Cruise autonomous vehicle (""Cruise AV""), operating in autonomous mode, was involved in a collision while making a right hand turn from
northbound Valencia Street onto 16th Street. The Cruise AV was stopped at a green light in between crosswalks of Valencia Street and 16th
Street, waiting for pedestrians to cross over 16th Street. A different pedestrian from the southwest corner of Valencia and 16th ran across
Valencia Street, against the ""do not walk"" symbol, shouting, and struck the left side of the Cruise AV's rear bumper and hatch with his entire
body. There were no injuries but the Cruise AV sustained some damage to its left rear light. The police were not called.",Not Available,Not Available,Not Available,Not Available,Not Available,Not Available,Not Available,Not Available,Not Available,Not Available,Not Available,Not Available,Not Available,,,,,,
GMCruise_010818.pdf,GM Cruise LLC,Cruise,01/08/2018,11:12 PM,2017,Chevrolet,Bolt,Kansas St & Mariposa St,San Francisco,San Francisco,CA,94107,No,No,No,No,No,2,Not Available,Not Available,Not Available,Not Available,Not Available,Not Available,Not Available,Not Available,Not Available,Not Available,Not Available,Not Available,Not Available,Not Available,Not Available,Not Available,Not Available,Not Available,Not Available,Not Available,Not Available,Not Available,Not Available,Not Available,Not Available,Not Available,Not Available,Not Available,Not Available,Not Available,Not Available,Isuzu NPR,2017,Yes,No,No,No,No,Driver side articulating radar was damaged,GM Cruise LLC,2,Autonomous Mode,"A Cruise autonomous vehicle (""Cruise AV""), operating in autonomous mode, was involved in a collision while traveling northbound on
Kansas Street just past the intersection with Mariposa Street. The Cruise AV was driving in its lane when a cargo truck tried to overtake it
on the left side. As it passed the Cruise AV, the truck clipped the Cruise A V's left front articulating radar. There were no injuries. The
parties exchanged information. The police were called but declined to respond citing the lack of any reported injuries.",Not Available,Not Available,Not Available,Not Available,Not Available,Not Available,Not Available,Not Available,Not Available,Not Available,Not Available,Not Available,Not Available,,,,,,
GMCruise_012818.pdf,GM Cruise LLC,Cruise,01/28/2018,10:55 PM,2017,Chevrolet,Bolt,Duboce Ave & Mission St,San Francisco,San Francisco,CA,94103,No,Yes,No,No,No,2,Not Available,Not Available,Not Available,Not Available,Not Available,Not Available,Not Available,Not Available,Not Available,Not Available,Not Available,Not Available,Not Available,Not Available,Not Available,Not Available,Not Available,Not Available,Not Available,Not Available,Not Available,Not Available,Not Available,Not Available,Not Available,Not Available,Not Available,Not Available,Not Available,Not Available,Not Available,Not Available,Not Available,No,Yes,No,No,No,Small scratch on passenger side front window,GM Cruise LLC,2,Conventional Mode,"A Cruise autonomous vehicle (""Cruise AV""), operating in manual mode, was stopped behind a taxi on Duboce Avenue just past Guerrero.
The driver of the taxi exited his vehicle, approached the Cruise AV, and slapped the front passenger window, causing a scratch. There were
no injuries and police were not called.",Not Available,Not Available,Not Available,Not Available,Not Available,Not Available,Not Available,Not Available,Not Available,Not Available,Not Available,Not Available,Not Available,,,,,,
GMCruise_021617.pdf,GM Cruise LLC,Cruise,2/16/2017,8:38 AM,2017,Chevrolet,Bolt,1120 Golden Gate,San Francisco,San Francisco,CA,94115,Yes,No,No,No,No,3,None,Not Available,Not Available,Not Available,Not Available,Not Available,Not Available,Not Available,Not Available,Not Available,Not Available,Not Available,Not Available,Not Available,Not Available,Not Available,Not Available,Not Available,Not Available,Not Available,Not Available,Not Available,Not Available,Not Available,Not Available,Not Available,Not Available,Not Available,Not Available,Not Available,Not Available,Subaru Forester,2010,Yes,No,No,No,No,Driver,GM Cruise LLC,3,Autonomous Mode,"A Cruise autonomous vehicle (""Cruise AV"" was involved in an accident in San Francisco while travolling eastbound on Golden Gate.
Avenue between Webster and Buchanan streets, The Cruise AV was operating in autoromous mode at the time of the accident. The intersection at Buchanan does not allow for vehicular cross traffic but is controlled by a crosswalk with yellow lights that flash when activated. As the Cruise AY was approaching the crosswalk at Buchanan, the yellow lights were flashing. The Cruise AV slowed, paused briefly before the crosswalk, and theri began to proceed. The vehicle immediately bebind the Cruise AV, a Toyota Highlander, also slowed and paused in concert with the Cruise AV. A third vehicle, a Subaru, located behind the Toyota, did not slow and collided with the Toyota, causing the Subary's airbags to deploy, That collision pushed the Toyota into the back of the Cruise AV. Nonc of the oceupans of the Cruise AV or Toyota reported injuries at the seene, and the driver of the Subaru intended to seek medical evaluation for knee pain from the collision. The Cruise vehicle sustained minimal damage to its rear bumper. The Toyota sustained minor visible damage to its front and rear bumpers. The Subaru sustained minor visible dainage to its front end.",,,,,,,,,,,Not Available,Not Available,None Apparent,,,,,,
GMCruise_021618.pdf,GM Cruise LLC,Cruise,02/16/2018,8 : 45 AM,2017,Chevrolet,Bolt,14th St between Guerrero and Valencia St,San Francisco,San Francisco,CA,94103,No,No,No,No,No,2,Not Available,Not Available,Not Available,Not Available,Not Available,Not Available,Not Available,Not Available,Not Available,Not Available,Not Available,Not Available,Not Available,Not Available,Not Available,Not Available,Not Available,Not Available,Not Available,Not Available,Not Available,Not Available,Not Available,Not Available,Not Available,Not Available,Not Available,Not Available,Not Available,Not Available,Not Available,Not Available,Not Available,No,Yes,No,No,No,Plastic casing of the front left sensor was damaged,GM Cruise LLC,2,Conventional Mode,"A Cruise autonomous vehicle (""CrUise AV""), operating in conventional mode, was moving slowly in traffic eastbound on 14th Street just
past Guerrero Street when a vehicle merged in front of the Cruise AV and in doing so made contact with Cruise A V's front left sensor. The
plastic casing of the sensor was damaged. The other vehicle did not stop. The driver of the Cruise AV called the police to report the event,
but the police were not dispatched.",Not Available,Not Available,Not Available,Not Available,Not Available,Not Available,Not Available,Not Available,Not Available,Not Available,Not Available,Not Available,Not Available,,,,,,
GMCruise_022018.pdf,GM Cruise LL,Cruise,02/20/2018,4:58 PM,2017,Chevrolet,Bolt,North Point St &The Embarcadero,San Francisco,San Francisco,CA,94133,Yes,No,No,No,No,2,Not Available,Not Available,Not Available,Not Available,Not Available,Not Available,Not Available,Not Available,Not Available,Not Available,Not Available,Not Available,Not Available,Not Available,Not Available,Not Available,Not Available,Not Available,Not Available,Not Available,Not Available,Not Available,Not Available,Not Available,Not Available,Not Available,Not Available,Not Available,Not Available,Not Available,Not Available,Hyundai Accent,2017,Yes,No,No,No,No,Not Available,Not Available,2,Autonomous Mode,"A Cruise autonomous vehicle ( ""Cruise AV""), operating in autonomous mode, was completing a left turn from North Point Street onto The
Embarcadero. A vehicle behind the Cruise AV also turning left onto The Embarcadero tried to pass the Cruise AV on the left, and while
passing turned back into the Cruise A V '
s lane too tightly and clipped the Cruise AV's front left sensor. damaging the sensor and the other
vehicle's front right passenger door, There were no injuries and po1ice were not called.",Not Available,Not Available,Not Available,Not Available,Not Available,Not Available,Not Available,Not Available,Not Available,Not Available,Not Available,Not Available,Not Available,,,,,,
GMCruise_031418.pdf,GM Cruise LLC,Cruise,03/14/2018,3:12 PM,2017,Chevrolet,Bolt,McAllister Street & Polk Street,San Francisco,San Francisco,CA,94102,Yes,No,No,No,No,2,Not Available,Not Available,Not Available,Not Available,Not Available,Not Available,Not Available,Not Available,Not Available,Not Available,Not Available,Not Available,Not Available,Not Available,Not Available,Not Available,Not Available,Not Available,Not Available,Not Available,Not Available,Not Available,Not Available,Not Available,Not Available,Not Available,Not Available,Not Available,Not Available,Not Available,Not Available,Not Available,Not Available,Yes,No,No,No,No,Not Available,Not Available,2,Autonomous Mode,"A Cruise autonomous vehicle. (""Cruise AV""), was involved in a collision while operating in autonomous mode, traveling westbound on
McAllister Street at the intersection of Polk Street. Another attemptedto pass the Cruise AV on the
er vehicle right but crossed. intoits lane,
scraping the Cruise A V's right sensor. There w ere no injuries and police were not called.",Not Available,Not Available,Not Available,Not Available,Not Available,Not Available,Not Available,Not Available,Not Available,Not Available,Not Available,Not Available,Not Available,,,,,,
GMCruise_031918.pdf,GM Cruise LLC,Cruise,03/19/2018,8:34 PM,2017,Chevrolet,Bolt,Howard St & Hawthorne St,San Francisco,San Francisco,CA,94105,Yes,No,No,No,No,2,Not Available,Not Available,Not Available,Not Available,Not Available,Not Available,Not Available,Not Available,Not Available,Not Available,Not Available,Not Available,Not Available,Not Available,Not Available,Not Available,Not Available,Not Available,Not Available,Not Available,Not Available,Not Available,Not Available,Not Available,Not Available,Not Available,Not Available,Not Available,Not Available,Not Available,Not Available,Not Available,Not Available,Yes,No,No,No,No,Not Available,Not Available,2,Autonomous Mode,"A Cruise autonomous vehicle (""Cruise AV""), was involved in a collision while operating in autonomous mode, making a left turn onto
Hawthorne from Howard Street. A van directly behind the Cruise AV continued straight from the same left turn only lane, clipping the back
right of the Cruise AV as it passed and damaging the bumper and back right sensor. The driver of the van did not stop. There were no
injuries and police were not called.",Not Available,Not Available,Not Available,Not Available,Not Available,Not Available,Not Available,Not Available,Not Available,Not Available,Not Available,Not Available,Not Available,,,,,,
GMCruise_032217.pdf,GM Cruise LLC,Cruise,03/22/2017,1:30 PM,2017,Chevrolet,Bolt,NW Corner of 1Oth and Division,San Francisco,San Francisco,CA,94103,Yes,No,No,No,No,2,None,Not Available,Not Available,Not Available,Not Available,Not Available,Not Available,Not Available,Not Available,Not Available,Not Available,Not Available,Not Available,Not Available,Not Available,Not Available,Not Available,Not Available,Not Available,Not Available,Not Available,Not Available,Not Available,Not Available,Not Available,Not Available,Not Available,Not Available,Not Available,Not Available,Not Available,Mercedes ML350,2015,No,No,No,No,No,Property,GM Cruise LLC,2,Autonomous Mode,"A Cmise autonomous vehicle (""Cmise A V"") was traveling southbound on Tenth Street in San FrancisCo in autonomous mode. The Cmise
A V was stopped at a red light with a Mercedes behind it, also stopped. The Cruise A V began moving fotward after the light turned green
and was traveling at 2 mph when the Mercedes collided with the rear of the Cmise AV. The approximate speed of the Mercedes at the time
of impact was 4 mph.
None of the occupants ofthe Cmise AV or Mercedes reported injuries at the scene. The Cmise AV sustained minor damage to its rear
bumper. The Mercedes sustained minor visible daaiagc to its front bumper.",,,,,,,,,,,Not Available,Not Available,None Apparent,,,,,,
GMCruise_032317.pdf,GM Cruise LLC,Cruise,03/23/2017,10:36 AM,2017,Chevrolet,Bolt,Not Available,Not Available,Not Available,Not Available,Not Available,No,Yes,No,No,No,2,None,Not Available,Not Available,Not Available,Not Available,Not Available,Not Available,Not Available,Not Available,Not Available,Not Available,Not Available,Not Available,Not Available,Not Available,Not Available,Not Available,Not Available,Not Available,Not Available,Not Available,Not Available,Not Available,Not Available,Not Available,Not Available,Not Available,Not Available,Not Available,Not Available,Not Available,Ford F-250,2016,Yes,No,No,No,No,Property,GM Cruise LLC,2,Autonomous Mode,"A Cruise autonomou s vehicle (""Cruise AV"") was traveling westbound on Broadway in San Francisco in autonomous mode and was in the process of pass ing a mobile crane truck that was double parked, blocking the westbound lane. Dmin g this maneuve r, a Ford F-250 approached and simultaneously went around both the Cruise AV and the crane truck. While the Ford made its pass, the Cruise AV stopped. As the Ford completed its pass and turned back into the forward lane of travel, the Ford clipped the front, driver's side sensor of the Cruise AV. At the time of impact, the Cruise AV was stopped and the Ford was traveling at approx imately 4 miles per hour.
None of the occupants of the Cruise AV or Ford were injured. The Cruise AV sustained minor damage to its front, driver's side sensor and mount. The Ford sustained minor visible damage to its rear, passenger' s side tire.",,,,,,,,,,,,,,,,,,,
GMCruise_032418_1.pdf,GM Cruise LLC,Cruise,03/24/2018,12:55 PM,2017,Chevrolet,Bolt,Francisco St & Divisadero,San Francisco,San Francisco,CA,94123,Yes,No,No,No,No,2,Not Available,Not Available,Not Available,Not Available,Not Available,Not Available,Not Available,Not Available,Not Available,Not Available,Not Available,Not Available,Not Available,Not Available,Not Available,Not Available,Not Available,Not Available,Not Available,Not Available,Not Available,Not Available,Not Available,Not Available,Not Available,Not Available,Not Available,Not Available,Not Available,Not Available,Not Available,Honda Civic,2014,Yes,No,No,No,No,Not Available,Not Available,2,Autonomous Mode,"A Cruise autonomous vehicle (""Cruise AV""), was involved in a collision while operating in autonomous mode, driving eastbound on
Francisco Street between Broderick and Divisadero. While approaching a stop sign, the Cruise AV was rear ended causing damage to the
rear bumper. The driver of the Cruise AV later experience stiffness in his neck, sought treatment and was released to return to work. The
police were not called.",Not Available,Not Available,Not Available,Not Available,Not Available,Not Available,Not Available,Not Available,Not Available,Not Available,Not Available,Not Available,Not Available,,,,,,
GMCruise_032418_2.pdf,GM Cruise LLC,Cruise,03/25/2018,1:54 AM,2017,Chevrolet,Bolt,Sutter St & Grant St,San Francisco,San Francisco,CA,94108,Yes,No,No,No,No,2,Not Available,Not Available,Not Available,Not Available,Not Available,Not Available,Not Available,Not Available,Not Available,Not Available,Not Available,Not Available,Not Available,Not Available,Not Available,Not Available,Not Available,Not Available,Not Available,Not Available,Not Available,Not Available,Not Available,Not Available,Not Available,Not Available,Not Available,Not Available,Not Available,Not Available,Not Available,Toyota Prius,Not Available,Yes,No,No,No,No,Not Available,Not Available,2,Autonomous Mode,"A Cruise autonomous vehicle (""Cruise AV""), was involved in a collision while operating in autonomous mode, driving westbound on Sutter
Street. As the Cruise AV was approaching the intersection with Grant A venue, a cyclist approached, splitting the lane and riding in the
wrong direction on the lane line between the Cruise AV and a row of parked cars adjacent to the Cruise AV. The Cruise AV slowed as the
cyclist approached and passed, and during this time a taxi driving behind the Cruise AV bumped into the rear ofthe Cruise AV, causing
scratches and a dent to the Cruise AV. The taxi driver initially pulled over to check for damage to his vehicle, but then drove away without
exchanging information. There were no injuries and police were not called.",Not Available,Not Available,Not Available,Not Available,Not Available,Not Available,Not Available,Not Available,Not Available,Not Available,Not Available,Not Available,Not Available,,,,,,
GMCruise_032718.pdf,GM Cruise LLC,Cruise,03/27/2018,12:53 AM,2017,Chevrolet,Bolt,Ninth St & Howard St,San Francisco,San Francisco,CA,94103,Yes,No,No,No,No,2,Not Available,Not Available,Not Available,Not Available,Not Available,Not Available,Not Available,Not Available,Not Available,Not Available,Not Available,Not Available,Not Available,Not Available,Not Available,Not Available,Not Available,Not Available,Not Available,Not Available,Not Available,Not Available,Not Available,Not Available,Not Available,Not Available,Not Available,Not Available,Not Available,Not Available,Not Available,BMW X5M,2017,Yes,No,No,No,No,Not Available,Not Available,2,Autonomous Mode,"A Cruise autonomous vehicle (""Cruise AV""),was involved in a collision while operating in autonomous mode, traveling in heavy traffic
northbound on Ninth Street between Howard and Folsom Streets. A vehicle behind the Cruise AV was changing multiple lanes from the
lane to the right of the Cruise AV across to the lane to the left of the Cruise AV. While completing that movement, the other vehicle clipped
the corner ofthe Cruise A V. There were no injuries and the police were not called.",Not Available,Not Available,Not Available,Not Available,Not Available,Not Available,Not Available,Not Available,Not Available,Not Available,Not Available,Not Available,Not Available,,,,,,
GMCruise_032918.pdf,GM Cruise LLC,Cruise,03/29/2018,11:04 AM,2017,Chevrolet,Bolt,Powell S t& Vallejo St,San Francisco,San Francisco,CA,94133,Yes,No,No,No,No,2,Not Available,Not Available,Not Available,Not Available,Not Available,Not Available,Not Available,Not Available,Not Available,Not Available,Not Available,Not Available,Not Available,Not Available,Not Available,Not Available,Not Available,Not Available,Not Available,Not Available,Not Available,Not Available,Not Available,Not Available,Not Available,Not Available,Not Available,Not Available,Not Available,Not Available,Not Available,Genuine Scooter,2009,Yes,No,No,No,No,Not Available,Not Available,2,Conventional Mode,"A Cruise autonomous vehicle (''Cruise A V''), was involved in a collision while operating in conventional mode, on southbound Powell
Street at the intersection with Vallejo Street. As the Cruise AV was stopped at the four-way stop. a scooter turning right onto Powell from
westbound Vallejo lost control and collided with the Cruise AV, damaging the left side view mirror. The scooter driver appeared to have
scraped her legs, but did not seek medical attention. The police were n ot called.",Not Available,Not Available,Not Available,Not Available,Not Available,Not Available,Not Available,Not Available,Not Available,Not Available,Not Available,Not Available,Not Available,,,,,,
GMCruise_051318.pdf,GM Cruise LLC,Cruise,05/13/2018,0:15,2017,Chevrolet,Bolt,Franklin Street & Vallejo Street,San Francisco,San Francisco,CA,94123,No,Yes,No,No,No,2,Moderate,Not Available,Yes,Not Available,Not Available,Not Available,Not Available,Not Available,Not Available,Not Available,Not Available,Not Available,Not Available,Not Available,Not Available,Not Available,Not Available,Not Available,Not Available,Not Available,Not Available,Not Available,Not Available,Not Available,Not Available,Not Available,Not Available,Not Available,Not Available,Not Available,Not Available,Not Available,Not Available,Yes,No,No,No,No,Not Available,Not Available,2,Autonomous Mode,"A Cruise autonomous vehicle (""Cruise AV""), was involved in a collision while operating in autonomous mode, on the northbound side of
Franklin Street between Vallejo and Green Streets. The Cruise AV was stopped waiting to maneuver around a double-parked vehicle.
Another vehicle directly behind the Cruise AV attempted to pass the Cruise AV on the left, and in doing so clipped the left rear cornerof the
Cmise AV as it passed , damaging the bumper and left rear sensor. The other vehicle did not stop. One of the Cruise AV testers sitting in the
front passenger seat later reported stiffness in his neck but did not seek medical treatment. The police were not called.",Clear,Clear,Dark w Street-lights,Dark w Street-lights,Dry,Dry,No unusual conditions,No unusual conditions,Stopped,Passing other Vehicle,Rear End,Not Available,None Apparent,,,,,,