File ID,Vehicle 1 Manufacturer,Vehicle 1 Business Name,Date,Time,Vehicle 1 Year of Manufacturing,Vehicle 1 Make,Vehicle 1 Model,Location of Accident,City of Accident,County of Accident,State of Accident,ZIPCODE of Accident,Vehicle 1 was Moving,Vehicle 1 was Stopped in Traffic,Pedestrian Involved in Accident (w V1),Bicyclist involved in Accident (w V1),Any other involved entity (w V1),Number of Vehicles involved in Accident (w V1),Vehicle Damage,RB,LR1,LR2,LR3,RR1,RR2,RR3,LRP1,LRP2,LRP3,LRP4,RRP1,RRP2,RRP3,RRP4,FDS1,FDS2,FDS3,FDS4,FPS1,FPS2,FPS3,FPS4,LFC1,LFC2,LFC3,RFC1,RFC2,RFC3,FB,Vehicle 2 Model,Vehicle 2 Year of Manufacturing,Vehicle 2 was Moving,Vehicle 2 was Stopped in Traffic,Pedestrian Involved in Accident (w V2),Bicyclist involved in Accident (w V2),Any other involved entity (w V2),Property Damage,Property Owner's Details,Number of Vehicles involved in Accident (w V2),Car Mode,Description,Weather Vehicle 1,Weather Vehicle 2,Lighting Vehicle 1,Lighting Vehicle 2,Roadway Surface Vehicle 1,Roadway Surface Vehicle 2,Roadway Conditions Vehicle 1,Roadway Conditions Vehicle 2,Movement Preceding Collision Vehicle 1,Movement Preceding Collision Vehicle 2,Type of Collison Vehicle 1,Type of Collison Vehicle 2,Other Factors,Lat1,Lng1,Lat2,Lng2,Lat3,Lng3
GMCruise_052218.pdf,GM Cruise LLC,Cruise,05/22/2018,7:27,2017,Chevrolet,Bolt,Powell Street & Jackson Street,San Francisco,San Francisco,CA,94133,Yes,No,No,No,No,2,Minor,Yes,Not Available,Not Available,Not Available,Not Available,Not Available,Not Available,Not Available,Not Available,Not Available,Not Available,Not Available,Not Available,Not Available,Not Available,Not Available,Not Available,Not Available,Not Available,Not Available,Not Available,Not Available,Not Available,Not Available,Not Available,Not Available,Not Available,Not Available,Not Available,Not Available,Toyota Highlander,2007,Yes,No,No,No,No,Not Available,Not Available,2,Autonomous Mode,"A Cruise autonomous vehicle (""Cruise AV"") was involved in a collision while operating in autonomous mode on the northbound side of
Powell Street between Washington and Jackson Streets. The Cruise AV was stopped waiting for a pedestrian to clear the crosswalk then
initiated a right turn onto Jackson Street. Another vehicle directly behind the Cruise AV rear ended the Cruise AV, damaging the rear
bumper. There were no injuries and the police were not called.",Clear,Clear,Daylight,Daylight,Dry,Dry,No unusual conditions,No unusual conditions,Making Right Turn,Proceeding Straight,Rear End,Not Available,None Apparent,,,,,,
GMCruise_052318.pdf,GM Cruise LLC,Cruise,05/23/2018,12:50,2017,Chevrolet,Bolt,Bryant Street between 10th Street 11th Streets,San Francisco,San Francisco,CA,94133,No,Yes,No,No,No,2,Moderate,Yes,Yes,Not Available,Not Available,Not Available,Not Available,Not Available,Not Available,Not Available,Not Available,Not Available,Not Available,Not Available,Not Available,Not Available,Not Available,Not Available,Not Available,Not Available,Not Available,Not Available,Not Available,Not Available,Not Available,Not Available,Not Available,Not Available,Not Available,Not Available,Not Available,BMW 328i,2015,Yes,No,No,No,No,Not Available,Not Available,2,Conventional Mode,"A Cruise autonomous vehicle ( "" Cruise AV "" ) was involved in a collision while operating in conventional mode on Bryant
Street between 10th and 11th Streets. Bryant Street is a one-way street heading northeast at that location. The Cruise AV
was stopped waiting for pedestrians to clear the sidewalk before making a right turn into a driveway. A vehicle that had turned
left onto Bryant Street from 11th Street collided with the Cruise AV, damaging the rear bumper and left rear sensor. There were
no injuries and the police were not called.",Clear,Clear,Daylight,Daylight,Dry,Dry,No unusual conditions,No unusual conditions,Stopped,Proceeding Straight,Rear End,Not Available,None Apparent,,,,,,
GMCruise_052517.pdf,GM Cruise LLC,Cruise,05/25/2017,5:26 PM,2017,Chevrolet,Bolt,11th St. and Mis sion St.,San Francisco,San Francisco,CA,94103,Yes,No,No,Yes,No,1,None,Not Available,Not Available,Not Available,Not Available,Not Available,Not Available,Not Available,Not Available,Not Available,Not Available,Not Available,Not Available,Not Available,Not Available,Not Available,Not Available,Not Available,Not Available,Not Available,Not Available,Not Available,Not Available,Not Available,Not Available,Not Available,Not Available,Not Available,Not Available,Not Available,Not Available,Not Available,Not Available,Yes,No,No,Yes,No,Scratch on rear bumper.,GM Cruise LLC,1,Autonomous Mode,"ACruiseautonomous vehicle (""CruiseAV"")wastravelingnorthbound on11thStreetinSanFrancisco inautonomousmode,turning left ontoMission Streetintheouteroftwolefttumlanes.Duringthetum,avehicleintheinnerofthetwolefttumlanesbegantocutinfrontof the Cruise AV. The Cruise AV braked, and a bike that had been closely crossing behind the rear of the Cruise AV ran into the back of the Cmise AV. Police were not present or called to the scene.
None of the occupants of the Cruise AV were injured. The Cruise AV occupant s observed that the cyclist scraped his knee. At the time, the cyclist stated an intention to seek medical evaluation, but declined to seek emergency assistance. There was a minor scratch on the AV, and the bicycle had no visible damage.A",,,,,,,,,,,,,,,,,,,
GMCruise_052518.pdf,GM Cruise LLC,Cruise,05/25/2018,18:37,2017,Chevrolet,Bolt,Jackson Street & Jones Street,San Francisco,San Francisco,CA,94109,Moving,No,No,No,No,2,Minor,Yes,Yes,Not Available,Not Available,Yes,Not Available,Not Available,Not Available,Not Available,Not Available,Not Available,Not Available,Not Available,Not Available,Not Available,Not Available,Not Available,Not Available,Not Available,Not Available,Not Available,Not Available,Not Available,Not Available,Not Available,Not Available,Not Available,Not Available,Not Available,Not Available,Lexus,Not Available,No,Yes,No,No,No,Not Available,Not Available,2,Conventional Mode,"A Cruise autonomous vehicle (""Cruise AV"") was parked in conventional mode on westbound Jackson Street just east of the intersection with
Jones Street. The driver, intending to pull out of the parking spot still in conventional mode, put the Cruise AV into reverse rather than drive
and contacted the vehicle parked directly behind the Cruise AV. The contact scratched the rear bumper of the Cruise AV ande dented the
license plate holder of the other vehicle. Because the other vehicle was unoccocupied, the driver of the Cruise AV left contact information
on the windshield. There were no injuries and the police were not called.",Clear,Clear,Daylight,Daylight,Dry,Dry,No unusual conditions,No unusual conditions,Parking Manuerver,Parked,Hit Object,Not Available,None Apparent,,,,,,
GMCruise_060318.pdf,GM Cruise LLC,Cruise,06/03/2018,20:29,2017,Chevrolet,Bolt,Hyde Street and Washington Street,San Francisco,San Francisco,CA,94109,No,Yes,No,No,No,2,Moderate,Yes,Yes,Not Available,Not Available,Yes,Not Available,Not Available,Not Available,Not Available,Not Available,Not Available,Not Available,Not Available,Not Available,Not Available,Not Available,Not Available,Not Available,Not Available,Not Available,Not Available,Not Available,Not Available,Not Available,Not Available,Not Available,Not Available,Not Available,Not Available,Not Available,Honda Accord,1999,Yes,No,No,No,No,Injured Driver,Not Available,2,Autonomous Mode,"A Cruise autonomous vehicle (""Cruise AV"") was involved in a collision while operating in autonomous mode southbound on Hyde Street at
the intersection with Washington Street. The Cruise AV was stopped waiting for traffic to clear the intersection before making a left turn
onto Washington Street. Another vehicle directly behind the Cruise AV collided with the Cruise AV, damaging the center of the rear
bumper. The driver of the Cruise AV later experienced stiffness in his neck, sought treatment, and was released to return to work the next
day. The police were not called.",Clear,Clear,Daylight,Daylight,Dry,Dry,No unusual conditions,No unusual conditions,Stopped,Proceeding Straight,Rear End,Not Available,None Apparent,,,,,,
GMCruise_060717.pdf,GM Cruise LLC,Cruise,06/07/2017,Not Available,2017,Chevrolet,Bolt,Van Ness Ave. at O'Farrell Street (northbound),San Francisco,San Francisco,CA,94109,Yes,No,No,No,No,2,None,Not Available,Not Available,Not Available,Not Available,Not Available,Not Available,Not Available,Not Available,Not Available,Not Available,Not Available,Not Available,Not Available,Not Available,Not Available,Not Available,Not Available,Not Available,Not Available,Not Available,Not Available,Not Available,Not Available,Not Available,Not Available,Not Available,Not Available,Not Available,Not Available,Not Available,Minivan,Not Available,Yes,No,No,No,No,Small scrape on bottom of rear bumper.,GM Cruise LLC,2,Autonomous Mode,"A Cnlise auto11omousvehicle (""Cn1iseAV"") was involvedin a co11isJonon Van Ness Avenue. The Cruiso AV was -travelingnorthboundat 7 mph when a bus merged into the lane in front of the Crulse AV. The Cmise AV braked, and a wbite minivan had been closely followingranintothebackoftheCrulseAV. Policewerenotp.rese:ntorcalledtothescene.",,,,,,,,,,,,,,,,,,,
GMCruise_061118.pdf,GM Cruise LLC,Cruise,06/11/2018,9:41,2017,Chevrolet,Bolt,Bryant and 11th Streets,San Francisco,San Francisco,CA,94103,Yes,No,No,No,No,2,Minor,Yes,Yes,Not Available,Not Available,Yes,Not Available,Not Available,Not Available,Not Available,Not Available,Not Available,Not Available,Not Available,Not Available,Not Available,Not Available,Not Available,Not Available,Not Available,Not Available,Not Available,Not Available,Not Available,Not Available,Not Available,Not Available,Not Available,Not Available,Not Available,Not Available,Chevrolet Bolt,2017,Moving,No,No,No,No,Not Available,Not Available,2,Autonomous Mode,"A Cruise autonomous vehicle (""Cruise AV"") was rear-ended while operating in autonomous mode on Bryant Street between 10th Street and
11th Street. The Cruise AV had just made a left turn from 11th Street onto Bryant when a second Cruise autonomous vehicle directly behind
operating in conventional mode contacted the rear bumper of the Cruise AV, causing minor scuffs to both vehicles. There were no injuries and
the police were not called.",Clear,Clear,Daylight,Daylight,Dry,Dry,No unusual conditions,No unusual conditions,Proceeding Straight,Proceeding Straight,Rear End,Not Available,None Apparent,,,,,,
GMCruise_062218.pdf,GM Cruise LLC,Cruise,06/22/2018,1:05 PM,2017,Chevrolet,Bolt,El Camino del Mar and Land's End Trail,San Francisco,San Francisco,CA,49121,Yes,No,No,No,No,1,Minor,Not Available,Not Available,Not Available,Not Available,Not Available,Not Available,Not Available,Not Available,Not Available,Not Available,Not Available,Not Available,Not Available,Not Available,Not Available,Not Available,Not Available,Not Available,Yes,Not Available,Not Available,Yes,Not Available,Not Available,Not Available,Not Available,Not Available,Not Available,Not Available,Not Available,Not Applicable,Not Applicable,Not Applicable,Not Applicable,Not Applicable,Not Applicable,Not Applicable,Not Available,Not Available,1,Autonomous Mode,"A Cruise autonomous vehicle (""Cruise AV""), operating in autonomous mode,was traveling westbound on El Camino Del Mar between 32nd
Ave and Legion of Honor Drive. The Cruis
_
e AV was struck by agolf ball from a nearbygolf course causing damage to the Cruise AV's front
driver windshield. There were no injuries and police were not called.",Clear,Clear,Daylight,Daylight,Dry,Dry,No unusual conditions,No unusual conditions,Proceeding Straight,Proceeding Straight,Not Available,Other,None Apparent,,,,,,
GMCruise_062817.pdf,GM Cruise LLC,Cruise,06/28/2017,Not Available,2017,Chevrolet,Bolt,Montgomery St. at Post Street,San Francisco,San Francisco,CA,94104,Yes,No,No,No,No,2,None,Not Available,Not Available,Not Available,Not Available,Not Available,Not Available,Not Available,Not Available,Not Available,Not Available,Not Available,Not Available,Not Available,Not Available,Not Available,Not Available,Not Available,Not Available,Not Available,Not Available,Not Available,Not Available,Not Available,Not Available,Not Available,Not Available,Not Available,Not Available,Not Available,Not Available,Ford Transit,Not Available,Yes,No,No,No,No,Small scratch on rear bumper,GM Cruise LLC,2,Autonomous Mode,"A Cruise autonomous vehicle (""Cruise AV"") was involved in a collision on Montgomery Street at Post Street, The Cruise AV was the load car stopped at a red light. When the light turned green, the Cruise AV began moving forward. Shortly thereafter, with the Cruise AV traveling at <1 mph, a van closely following behind ran into the back of the Cruise AV. Police were not prosent or called to the scene. The driver of the van left the seene without stopping to identify herself to the Cruise AV driver or passengers.",,,,,,,,,,,,,,,,,,,
GMCruise_062918.pdf,GM Cruise LLC,Cruise,06/29/2018,2:52 PM,2017,Chevrolet,Bolt,Mission Street and 17th Street,San Francisco,San Francisco,CA,94110,Yes,No,No,No,No,2,Moderate,Yes,Yes,Not Available,Not Available,Not Available,Not Available,Not Available,Not Available,Not Available,Not Available,Not Available,Not Available,Not Available,Not Available,Not Available,Not Available,Not Available,Not Available,Not Available,Not Available,Not Available,Not Available,Not Available,Not Available,Not Available,Not Available,Not Available,Not Available,Not Available,Not Available,Honda Civic,1996,Yes,No,No,No,No,Not Available,Not Available,2,Autonomous Mode,"A Cruise autonomous vehicle("" Cruise AV"" ), operating in autonomous mode, was involved in a collision while traveling
westbound on 17th Street through the intersection with Mission Street. The Cruise AV was struck on its left rear corner by
another vehicle making a left turn from eastbound 17th Street onto Mission Street. This caused damage to the Cruise AV' s
rear bumper. There were no injuries and police were not called.",Clear,Clear,Daylight,Daylight,Dry,Dry,No unusual conditions,No unusual conditions,Proceeding Straight,Making Left Turn,Rear End,Not Available,None Apparent,,,,,,
GMCruise_070518.pdf,GM Cruise LLC,Cruise,07/05/2018,7:35,2017,Chevrolet,Bolt,Hayes Street & Fillmore Street,San Francisco,San Francisco,CA,94117,Yes,No,No,No,No,2,Moderate,Yes,Yes,Not Available,Not Available,Yes,Not Available,Not Available,Not Available,Not Available,Not Available,Not Available,Not Available,Not Available,Not Available,Not Available,Not Available,Not Available,Not Available,Not Available,Not Available,Not Available,Not Available,Not Available,Not Available,Not Available,Not Available,Not Available,Not Available,Not Available,Not Available,Lexus RX,2001,Yes,No,No,No,No,Not Available,Not Available,2,Autonomous Mode,"A Cruise autonomous vehicle (""Cruise AV""), operating in autonomous mode, was involved in a collision while turning right from eastbound
Hayes Street onto Fillmore Street. Another vehicle, while pulling out of its parking spot behind the Cruise AV, scraped the Cruise A V's rear
bumper. There were no injuries and police were not called.",Clear,Clear,Daylight,Daylight,Dry,Dry,No unusual conditions,No unusual conditions,Making Right Turn,Proceeding Straight,Rear End,Not Available,None Apparent,,,,,,
GMCruise_070617.pdf,GM Cruise LLC,Cruise,07/06/2017,10:54 AM,2017,Chevrolet,Bolt,19th Street at Shotwell St.,San Francisco,San Francisco,CA,94110,Yes,No,No,No,No,2,None,Not Available,Not Available,Not Available,Not Available,Not Available,Not Available,Not Available,Not Available,Not Available,Not Available,Not Available,Not Available,Not Available,Not Available,Not Available,Not Available,Not Available,Not Available,Not Available,Not Available,Not Available,Not Available,Not Available,Not Available,Not Available,Not Available,Not Available,Not Available,Not Available,Not Available,Chevy Silverado,1999,Yes,No,No,No,No,"Scratch on front bmnper;-:d""a;mag_e·t_.o.·S(iq!;o",GM Cruise LLC,2,Autonomous Mode,"A Cruise autonomous vohicle (Cruise AV"") was involved in a collision on 19th Street at Sholwoll Street. The Cruise AV, heäding west;, was slowing down as it approached the four-way stop, at which point the driver of a pick-up truck behind the Cruise A V drove into the oncoming Janc and began passing the Cruise AV. While driving past the Cruise A.V, tic truck clipped the Cruise AV's front driver's-side

corner and continued through the intersection in the opposite lane of traycl. The parties stopped and exchanged information after the

intersection. Police were called to the scene but no report was created.",,,,,,,,,,,,,,,,,,,
GMCruise_070818.pdf,GM Cruise LLC,Cruise,07/08/2018,7:35,2017,Chevrolet,Bolt,Sutter Street & Market Street,San Francisco,San Francisco,CA,94104,No,Yes,No,No,No,1,Minor,Not Available,Not Available,Not Available,Not Available,Not Available,Not Available,Not Available,Not Available,Not Available,Not Available,Not Available,Not Available,Not Available,Not Available,Not Available,Not Available,Not Available,Not Available,Not Available,Not Available,Not Available,Not Available,Not Available,Not Available,Not Available,Not Available,Not Available,Not Available,Not Available,Yes,Not Applicable,Not Applicable,No,No,Yes,No,No,Not Available,Not Available,1,Autonomous Mode,"A Cruise autonomous vehicle ("" Cruise AV"" ) while operating in autonomous mode, was involved in an incident on westbound
Sutter Street at the intersection with Sansome Street when a jaywalking pedestrian approached the Cruise AV and intentionally
stepped up onto the hood of the vehicle while the Cruise AV was stopped at a red light, resulting in a dent on the hood. The
pedestrian then stepped off and walked away. There were no injuries and the police were not called.",Clear,Clear,Daylight,Daylight,Dry,Dry,No unusual conditions,No unusual conditions,Stopped,Not Available,Not Available,Vehicle/Pedestrian,None Apparent,,,,,,
GMCruise_072018.pdf,GM Cruise LLC,Cruise,07/20/2018,14:56,2017,Chevrolet,Bolt,Geary Blvd & 42nd Street,San Francisco,San Francisco,CA,94121,No,Yes,No,No,No,2,Minor,Not Available,Yes,Not Available,Not Available,Not Available,Not Available,Not Available,Not Available,Not Available,Not Available,Not Available,Not Available,Not Available,Not Available,Not Available,Not Available,Not Available,Not Available,Not Available,Not Available,Not Available,Not Available,Not Available,Not Available,Not Available,Not Available,Not Available,Not Available,Not Available,Not Available,Lexus,Not Available,Yes,No,No,No,No,Not Available,Not Available,2,Autonomous Mode,"A Cruise autonomous vehicle (""Cruise AV""), operating in autonomous mode, was rear ended by another vehicle while stopped at a four way
stop on eastbound Geary Bl vd at 42nd Street, cracking a rear plastic sensor casing of the Cruise AV. There were no injuries and the police
were not called.",Clear,Clear,Daylight,Daylight,Dry,Dry,No unusual conditions,No unusual conditions,Stopped,Proceeding Straight,Rear End,Not Available,None Apparent,,,,,,
GMCruise_073118.pdf,GM Cruise LLC,Cruise,07/31/2018,3:15 PM,2017,Chevrolet,Bolt,10th Street and Bryant Street,San Francisco,San Francisco,CA,94103,No,Yes,No,No,No,2,Minor,Not Available,Not Available,Not Available,Not Available,Not Available,Not Available,Not Available,Not Available,Not Available,Not Available,Not Available,Not Available,Not Available,Not Available,Not Available,Not Available,Not Available,Not Available,Not Available,Not Available,Not Available,Not Available,Not Available,Yes,Not Available,Not Available,Not Available,Not Available,Not Available,Not Available,Volkswagon Passat,2013,Yes,No,No,No,No,Not Available,Not Available,2,Autonomous Mode,"A Cruise autonomous vehicle ("" Cruise AV"" ), stopped in autonomous mode behind a double-parked delivery truck, was
struck on its left side mirror by a passing vehicle traveling southeast-bound on 10th Street between Divison and Bryant Streets,
scratching the mirror casing. There were no injuries and police were not called.",Clear,Clear,Daylight,Daylight,Dry,Dry,No unusual conditions,No unusual conditions,Stopped,Proceeding Straight,Side Swipe,Not Available,None Apparent,,,,,,
GMCruise_080718.pdf,GM Cruise LLC,Cruise,08/07/2018,9:36 AM,2017,Chevrolet,Bolt,Gough Street & Fell Street,San Francisco,San Francisco,CA,94102,Yes,No,No,No,No,2,Minor,Not Available,Not Available,Not Available,Not Available,Not Available,Not Available,Not Available,Not Available,Not Available,Not Available,Not Available,Not Available,Not Available,Not Available,Not Available,Not Available,Not Available,Not Available,Not Available,Not Available,Not Available,Not Available,Not Available,Yes,Not Available,Not Available,Not Available,Not Available,Not Available,Not Available,Kawasaki Ninja 300,2013,Yes,No,No,No,No,Not Available,Not Available,2,Autonomous Mode,"A Cruise autonomous vehicle ("" Cruise AV"" ), operating in autonmous mode, was involved in a collision while traveling
southbound on Gough Street at the intersection with Fell Street. The Cruise AV was driving in its lane when a motorocycle tried
to overtake it on the left side. As it passed the Cruise AV, the motorcycle made contact with the left side of the Cruise AV and
clipped the left front articulating radar. There were no injuries. The police were called but declined to respond citing the lack of
any reported injuries.",Clear,Clear,Daylight,Daylight,Dry,Dry,No unusual conditions,No unusual conditions,Proceeding Straight,Passing other Vehicle,Side Swipe,Side Swipe,None Apparent,,,,,,
GMCruise_081418.pdf,GM Cruise LLC,Cruise,08/14/2018,8:23,2017,Chevrolet,Bolt,Ellis Street & Pierce Street,San Francisco,San Francisco,CA,94115,No,No,No,No,No,2,Minor,Not Available,Not Available,Not Available,Not Available,Not Available,Not Available,Not Available,Not Available,Not Available,Not Available,Not Available,Not Available,Not Available,Not Available,Not Available,Not Available,Not Available,Not Available,Not Available,Not Available,Not Available,Not Available,Not Available,Yes,Not Available,Not Available,Not Available,Not Available,Not Available,Not Available,BMW,Not Available,Yes,No,No,No,No,Not Available,Not Available,2,Autonomous Mode,"A Cruise autonomous vehicle ("" Cruise AV"" ), operating in autonmous mode, was traveling southbound on Pierce Street
between Ellis and Eddy Streets when a vehicle that had changed lanes to pass it on the left, turned back into the Cruise AV's
lane too tightly and clipped the Cruise AV's front left radar damaging the sensor and it's casing. There were no injuries and
police were not called. The driver of the other vehicle did not stop after the collision.",Fog/Visibility,Fog/Visibility,Daylight,Daylight,Dry,Dry,No unusual conditions,No unusual conditions,Proceeding Straight,Changing Lanes,Side Swipe,Side Swipe,None Apparent,,,,,,
GMCruise_081618.pdf,GM Cruise LLC,Cruise,08/16/2018,18:52,2017,Chevrolet,Bolt,3rd Street & 22nd Street,San Francisco,San Francisco,CA,94107,Yes,No,No,No,No,2,Minor,Not Available,Not Available,Not Available,Not Available,Not Available,Not Available,Not Available,Not Available,Not Available,Not Available,Not Available,Not Available,Not Available,Not Available,Not Available,Not Available,Not Available,Not Available,Not Available,Not Available,Not Available,Not Available,Not Available,Yes,Not Available,Not Available,Not Available,Not Available,Not Available,Not Available,Toyota Avalon,2014,Yes,No,No,No,No,Not Available,Not Available,2,Autonomous Mode,"A Cruise autonomous vehicle("" Cruise AV"" ), operating in autonmous mode, was traveling northbound on 3rd Street between
22nd and 23rd Streets when a vehicle passing it on the left merged into the Cruise A V's lane too tightly and clipped the Cruise
A V's front left radar bending the bracket that holds the sensor casing. There were no injuries and police were not called.",Clear,Clear,Daylight,Daylight,Dry,Dry,No unusual conditions,No unusual conditions,Proceeding Straight,Changing Lanes,Side Swipe,Side Swipe,None Apparent,,,,,,
GMCruise_090818.pdf,GM Cruise LLC,Cruise,09-08-2018,6:50 PM,2017,Chevrolet,Bolt,McAllister Street & Hyde Street,San Francisco,San Francisco,CA,94102,Yes,No,No,No,No,2,Minor,Not Available,Not Available,Not Available,Not Available,Yes,Not Available,Yes,Not Available,Not Available,Not Available,Not Available,Not Available,Yes,Not Available,Yes,Not Available,Not Available,Not Available,Not Available,Not Available,Yes,Not Available,Yes,Not Available,Not Available,Not Available,Not Available,Yes,Not Available,Not Available,Cadillac Seville,1997,Yes,No,No,No,No,Not Available,Not Available,2,Conventional Mode,"A Cruise autonomous vehicle (""Cruise AV""), operating in manual mode, was traveling southbound on Hyde Street approaching McAllister
Street when a parked vehicle pulled out in front of the Cruise AV making contact with with the Cruise A V's passenger side door causing
light damage on both the front and rear passenger side door panels. There were no injuries and police were not called.",Clear,Clear,Daylight,Daylight,Dry,Dry,No unusual conditions,No unusual conditions,Proceeding Straight,Merging,Side Swipe,Side Swipe,None Apparent,,,,,,
GMCruise_090917.pdf,GM Cruise LLC,Cruise,09/09/2017,4:47 PM,2017,Chevrolet,Bolt,Folson Street and 6th Street,San Francisco,San Francisco,CA,94103,Yes,No,No,No,No,2,None,Not Available,Not Available,Not Available,Not Available,Not Available,Not Available,Not Available,Not Available,Not Available,Not Available,Not Available,Not Available,Not Available,Not Available,Not Available,Not Available,Not Available,Not Available,Not Available,Not Available,Not Available,Not Available,Not Available,Not Available,Not Available,Not Available,Not Available,Not Available,Not Available,Not Available,FordExplorerXLT,2005,Yes,No,No,No,No,"Wheel encoder broken, rear right tire compromised, rear right bumper scraped and dented, rear right taillight broken",GM Cruise LLC,2,Conventional Mode,"A Cruise autonomous vehicle (“Cruise AV”), operating in conventional mode, was involved in a collision while preparing to turn left from FolsomStreetonto6thStreet.ThedriveroftheCruiseAVdeceleratedandstoppedtoletapedestrianclearthecrosswalk.AFordExplorer behind the Cruise AV then impacted the rear passenger-side corner of the Cruise AV. The police were called, but declined to respond citing the lack of any reported injury.",,,,,,,,,,,,,,,,,,,
GMCruise_090918.pdf,GM Cruise LLC,Cruise,09/09/2018,1:20 PM,2017,Chevrolet,Bolt,Divisadero Street and Fell Street,San Francisco,San Francisco,CA,94117,No,Yes,No,No,No,2,Minor,Yes,Yes,Not Available,Not Available,Yes,Not Available,Not Available,Not Available,Not Available,Not Available,Not Available,Not Available,Not Available,Not Available,Not Available,Not Available,Not Available,Not Available,Not Available,Not Available,Not Available,Not Available,Not Available,Not Available,Not Available,Not Available,Not Available,Not Available,Not Available,Not Available,Audi A4,Not Available,Yes,No,No,No,No,Not Available,Not Available,2,Conventional Mode,"A Cruise autonomous vehicle (""Cruise AV""), operating in manual mode, was stopped in traffic southbound on Divisidero Street
just past Fell Street when another vehicle rear ended the Cruise AV causing minor damage to the rear of the Cruise AV. The
driver of the other vehicle did not stop. There were no injuries and police were not called.",Clear,Clear,Daylight,Daylight,Dry,Dry,No unusual conditions,No unusual conditions,Stopped,Proceeding Straight,Not Available,Rear End,None Apparent,,,,,,
GMCruise_091217.pdf,GM Cruise LLC,Cruise,09/12/2017,11:10 AM,2017,Chevrolet,Bolt,Folsom Street and 11th Street,San Francisco,San Francisco,CA,94103,No,Yes,No,Yes,No,1,None,Not Available,Not Available,Not Available,Not Available,Not Available,Not Available,Not Available,Not Available,Not Available,Not Available,Not Available,Not Available,Not Available,Not Available,Not Available,Not Available,Not Available,Not Available,Not Available,Not Available,Not Available,Not Available,Not Available,Not Available,Not Available,Not Available,Not Available,Not Available,Not Available,Not Available,Not Available,Not Available,Yes,No,No,Yes,No,Wire forsensor pulledoff of vehicle;scratchon rear passengerside.,GM Cruise LLC,1,Conventional Mode,"A Cruiseautonomousvehicle(""Cruise AV""),operatingin conventionalmode,was involvedin an incidentwhiletravelingeastboundon HarrisonStreetbetween12thand 11thStreets.TheCruiseAV's driverobservedacyclisttravelinginthewrongdirectiontowardtheCruise AV. The cyclist was waving his hands and swervingseverely; he appearedto be intoxicated.The driver broughtthe CruiseAV to a completestop.Thecyclistcontinuedweavingtowardthe CruiseAV,collidedwiththe CruiseAV'sfront-rightbumper,andfell over.After getting to his feet, the cyclist picked up his bike and deliberatelyhit the bike'sfront tire into the passengerside of the CruiseAV. He then pulledonasensorontheCmiseAV's rear,passenger-side,causingminordamage.Withthecyclistofftothesideofthevehicle,thedriver of the Cruise AV slowly pulled away from the interaction. Police were not present or called to the scene,",,,,,,,,,,,,,,,,,,,