File ID,Vehicle 1 Manufacturer,Vehicle 1 Business Name,Date,Time,Vehicle 1 Year of Manufacturing,Vehicle 1 Make,Vehicle 1 Model,Location of Accident,City of Accident,County of Accident,State of Accident,ZIPCODE of Accident,Vehicle 1 was Moving,Vehicle 1 was Stopped in Traffic,Pedestrian Involved in Accident (w V1),Bicyclist involved in Accident (w V1),Any other involved entity (w V1),Number of Vehicles involved in Accident (w V1),Vehicle Damage,RB,LR1,LR2,LR3,RR1,RR2,RR3,LRP1,LRP2,LRP3,LRP4,RRP1,RRP2,RRP3,RRP4,FDS1,FDS2,FDS3,FDS4,FPS1,FPS2,FPS3,FPS4,LFC1,LFC2,LFC3,RFC1,RFC2,RFC3,FB,Vehicle 2 Model,Vehicle 2 Year of Manufacturing,Vehicle 2 was Moving,Vehicle 2 was Stopped in Traffic,Pedestrian Involved in Accident (w V2),Bicyclist involved in Accident (w V2),Any other involved entity (w V2),Property Damage,Property Owner's Details,Number of Vehicles involved in Accident (w V2),Car Mode,Description,Weather Vehicle 1,Weather Vehicle 2,Lighting Vehicle 1,Lighting Vehicle 2,Roadway Surface Vehicle 1,Roadway Surface Vehicle 2,Roadway Conditions Vehicle 1,Roadway Conditions Vehicle 2,Movement Preceding Collision Vehicle 1,Movement Preceding Collision Vehicle 2,Type of Collison Vehicle 1,Type of Collison Vehicle 2,Other Factors,Lat1,Lng1,Lat2,Lng2,Lat3,Lng3
GMCruise_091517.pdf,GM Cruise LLC,Cruise,09/15/2017,11:20 AM,2017,Chevrolet,Bolt,Potrero St and Division St,San Francisco,San Francisco,CA,94103,Yes,No,No,No,No,2,None,Not Available,Not Available,Not Available,Not Available,Not Available,Not Available,Not Available,Not Available,Not Available,Not Available,Not Available,Not Available,Not Available,Not Available,Not Available,Not Available,Not Available,Not Available,Not Available,Not Available,Not Available,Not Available,Not Available,Not Available,Not Available,Not Available,Not Available,Not Available,Not Available,Not Available,Dodge Charger,Not Available,Yes,No,No,No,No,Scratch on sensor.,GM Cruise LLC,2,Conventional Mode,"A Cruise autonomous vehicle (""Cruise AV""), initially operating in autonomous mode, was involved in an incident while travelling
northbound as Potrero Avenue turns into Brannan Street. The Cruise AV was proceeding straight through the intersection, which bends to the right, when a black Dodge Charger came up quickly from behind. The Charger was in a left-turn only Jane immediately to the left of the Cruise AV; but instead of turning left, the Charger tried to overtake the Cruise AV and to proceed straight as well. At this point, the driver of the Cruise AV took over manual control. As the Charger cut off the Cruise AV, it scraped the Cruise AV’s front left sensor. At the time ofthecollision,theCruiseAVwastravellingat4mph,whiletheChargerwastravellingatapproximately12mph,TheChargerfledthe scene without exchanging information. The driver of the Cruise AV called the police to report the incident as a hit-and-run, but the police were not dispatched and no report was filed.",,,,,,,,,,,,,,,,,,,
GMCruise_091817.pdf,GM Cruise LLC,Cruise,09/18/2017,3:20 PM,2017,Chevrolet,Bolt,Bay Street at Columbus A venue,San Francisco,San Francisco,CA,94133,Yes,No,No,No,No,2,None,Not Available,Not Available,Not Available,Not Available,Not Available,Not Available,Not Available,Not Available,Not Available,Not Available,Not Available,Not Available,Not Available,Not Available,Not Available,Not Available,Not Available,Not Available,Not Available,Not Available,Not Available,Not Available,Not Available,Not Available,Not Available,Not Available,Not Available,Not Available,Not Available,Not Available,BMW 633 CSi,1984,Yes,No,No,No,No,Small dent and crack in rear bumper.,GM Cruise LLC,2,Autonomous Mode,"A Cruise autonomous vehicle (""Cruise A V""), operating in autonomous mode, was rear-ended while traveling on Bay Street at Columbus -----Avenue,
The Cruise AV was stopped at a red Hght in the left of two eastbound lanes, When the light turned green, the Cruise AV began to
proceed forward toward the intersection. In the right lane, another vehicle drifted within its lane toward the Cruise AV. The Cruise AV
responded by decelerating, and a car following closely behind rear-ended the Cruise AV, The parties exchanged information. The police
were not called.",,,,,,,,,,,,,,,,,,,
GMCruise_091917.pdf,GM Cruise LLC,Cruise,09/19/2017,6:20 PM,2017,Chevrolet,Bolt,Division St & 10th St,San Francisco,San Francisco,CA,94103,No,Yes,No,No,No,2,None,Not Available,Not Available,Not Available,Not Available,Not Available,Not Available,Not Available,Not Available,Not Available,Not Available,Not Available,Not Available,Not Available,Not Available,Not Available,Not Available,Not Available,Not Available,Not Available,Not Available,Not Available,Not Available,Not Available,Not Available,Not Available,Not Available,Not Available,Not Available,Not Available,Not Available,Ford Ranger,2004,Yes,No,No,No,No,Damage on rear bumper. Bottom edge of the trunk door is dented.,GM Cruise LLC,2,Autonomous Mode,"ACruiseautonomousvehicle(""CruiseAV11),operatinginautonomousmode,wasrear-endedbyawhiteFordRangerwhilewaitingata stop light on I 0th Street, southbound between Bryant and Division Streets. The Ranger crept forward slowly into the Cruise AV, which was completely stationary at the time of the collision. The parties exchanged information and the driver of the Ranger apologized, adding that he was on his cell phone. The police were called but, citing the lack of any injury, declined to respond to the scene.a",,,,,,,,,,,,,,,,,,,
GMCruise_092117.pdf,GM Cruise LLC,Cruise,09/21/2017,9:09 AM,2017,Chevrolet,Bolt,5th St. & Bryant St.,San Francisco,San Francisco,CA,94107,Yes,No,No,No,No,2,None,Not Available,Not Available,Not Available,Not Available,Not Available,Not Available,Not Available,Not Available,Not Available,Not Available,Not Available,Not Available,Not Available,Not Available,Not Available,Not Available,Not Available,Not Available,Not Available,Not Available,Not Available,Not Available,Not Available,Not Available,Not Available,Not Available,Not Available,Not Available,Not Available,Not Available,Volvo V40,2002,Yes,No,No,No,No,Small dent to rear bumper.,GM Cruise LLC,2,Autonomous Mode,"A Cruise autonomous vehicle (""Cruise AV11
), operating in autonomous mode, was rear-ended by a white Volvo V40 while turning left from
5th Street onto Bryant Street. The Cruise AV was the lead car in the right of two left-tum lanes; the Volvo was directly behind. Both
vehicles were stopped at a green light and were waiting to turn left. The signal changed, giving the vehicles a green left-tum arrow. The
Cruise AV began making the tum and was then rear-ended by the Volvo. The parties exchanged information. The police were not called.",,,,,,,,,,,,,,,,,,,
GMCruise_092218.pdf,GM Cruise LLC,Cruise,09/22/2018,16:48,2017,Chevrolet,Bolt,"Bryant Street, South of Mariposa Street",San Francisco,San Francisco,CA,94107,No,Yes,No,No,No,2,Minor,Not Available,Not Available,Not Available,Not Available,Not Available,Not Available,Not Available,Not Available,Not Available,Not Available,Not Available,Not Available,Not Available,Not Available,Not Available,Not Available,Not Available,Not Available,Not Available,Not Available,Not Available,Not Available,Not Available,Yes,Not Available,Not Available,Not Available,Not Available,Not Available,Not Available,Toyota Highlander,2018,Yes,No,No,No,No,Not Available,Not Available,2,Conventional Mode,"A Cruise autonomous vehicle (""Cruise AV""), operating in manual mode, was parked on southbound Bryant Street just past
Mariposa Street when another vehicle pulled in front of the Cruise AV too tightly, scratching the left front bumper of the Cruise
AV and denting the right rear side of the other vehicle. There were no injuries. The police were called, but no report was
available at the time of the filing of this report.",Clear,Clear,Daylight,Daylight,Dry,Dry,No unusual conditions,No unusual conditions,Parked,Parking Manuever,Not Available,Side Swipe,None Apparent,,,,,,
GMCruise_100717.pdf,GM Cruise LLC,Cruise,10/07/2017,2:35 AM,2017,Chevrolet,Bolt,14th St and Valencia St,San Francisco,San Francisco,CA,94103,Yes,No,No,No,No,2,None,Not Available,Not Available,Not Available,Not Available,Not Available,Not Available,Not Available,Not Available,Not Available,Not Available,Not Available,Not Available,Not Available,Not Available,Not Available,Not Available,Not Available,Not Available,Not Available,Not Available,Not Available,Not Available,Not Available,Not Available,Not Available,Not Available,Not Available,Not Available,Not Available,Not Available,Honda Accord,2010,Yes,No,No,No,No,"Small, deep scratch on the rear bumper.",GM Cruise LLC,2,Autonomous Mode,"A Cruise autonomous vehicle (""Cruise A V""), operating in autonomous mode, was rear-ended on 14th Street. The Cruise AV, in the right of
two eastbound lanes, was traversing the intersection at Valencia Street. Slightly ahead in the left lane next to the Cruise AV, a vehicle
drifted into the Cruise A V's lane. The Cruise AV responded by decelerating, and was rear-ended by a Honda Accord. The parties
exchanged information. The driver of the Accord apologized, saying that a leg cramp prevented him from braking sufficiently. The police
were not called.A",,,,,,,,,,,,,,,,,,,
GMCruise_101217.pdf,GM Cruise LLC,Cruise,10/12/2017,7:40 AM,2017,Chevrolet,Bolt,Bush St & Montgomery St,San Francisco,San Francisco,CA,94104,Yes,No,No,No,No,2,None,Not Available,Not Available,Not Available,Not Available,Not Available,Not Available,Not Available,Not Available,Not Available,Not Available,Not Available,Not Available,Not Available,Not Available,Not Available,Not Available,Not Available,Not Available,Not Available,Not Available,Not Available,Not Available,Not Available,Not Available,Not Available,Not Available,Not Available,Not Available,Not Available,Not Available,Toyota Corolla,2002,Yes,No,No,No,No,Rear bumper scratched and loose,GM Cruise LLC,2,Autonomous Mode,"A Cruise autonomous vehicle (""Cruise AV""), operating in autonomous mode, was rear-ended while going through a green light on Bush

Street at Montgomery Street. As the Cruise AV passed through the intersection, a pedestrian looking at his cell phone approached the

crosswalk in front of the Cruise AV. The Cruise AV responded by decelerating, and was rear-ended by a Toyota Corolla. The parties

exchanged information, though the driver of the Corolla lacked insurance information. The police were not called. No injuries were reported

at the scene by either party. A Cruise AV test driver later sought medical evaluation for shoulder stiffness.",,,,,,,,,,,,,,,,,,,
GMCruise_101418.pdf,GM Cruise LLC,Cruise,10/14/2018,12:28,2017,Chevrolet,Bolt,Cherry St. between California St. and Sacramento,San Francisco,San Francisco,CA,94118,Yes,No,No,No,No,2,Moderate,Not Available,Not Available,Not Available,Not Available,Not Available,Not Available,Not Available,Not Available,Not Available,Not Available,Not Available,Not Available,Not Available,Not Available,Not Available,Not Available,Not Available,Not Available,Not Available,Not Available,Not Available,Not Available,Not Available,Yes,Not Available,Yes,Not Available,Not Available,Not Available,Not Available,Toyota Sienna,2000,No,Yes,No,No,No,Not Available,Not Available,2,Conventional Mode,"A Cruise autonomous vehicle (""Cruise AV"") was involved in a collision in manual mode while traveling southbound on Cherry Street
between Sacramento and California Streets. While making a maneuver to avoid a parallel parking vehicle, the driver of the Cruise AV made
contact with another vehicle that was pulling out of a driveway on the opposite side of the street, scratching the front center bumper of the
other vehicle and denting the front left bumper of the Cruise AV. There were no injuries and police were not called.",Clear,Clear,Daylight,Daylight,Dry,Dry,No unusual conditions,No unusual conditions,Passing Other Vehicle,Entering Traffic,Head-On,Head-On,None Apparent,,,,,,
GMCruise_101617.pdf,GM Cruise LLC,Cruise,10/16/2017,1:34 PM,2017,Chevrolet,Bolt,Not Available,Not Available,Not Available,CA,Not Available,No,No,No,No,No,2,None,Not Available,Not Available,Not Available,Not Available,Not Available,Not Available,Not Available,Not Available,Not Available,Not Available,Not Available,Not Available,Not Available,Not Available,Not Available,Not Available,Not Available,Not Available,Not Available,Not Available,Not Available,Not Available,Not Available,Not Available,Not Available,Not Available,Not Available,Not Available,Not Available,Not Available,Ford F250 Super Duty,2001,No,No,No,No,No,Damage to radar and fender on front left sid,GM Cruise LLC,2,Autonomous Mode,"A Cruise autonomous vehicle (""Cruise AV""), operating in autonomous mode, was involved in a collision while heading eastbound on 15th Street toward Harrison Street. The Cruise AV had stopped briefly, initially to simulate the pick-up of a ridesharing customer and then to allow oncoming traffic to pass on the narrow street. After the oncoming traffic cleared, the Cruise AV began to proceed. At the same time, from behind the Cruise AV the driver of a Ford F250 pickup truck drove into the oncoming lane and began passing the Cruise AV. While overtaking the Cruise AV, the F250 clipped a sensor on the front, driver's-side comer of the Cruise AV. The parties exchanged information. Though the police were not called, an officer passing by stopped to consult the parties and concluded no further action was required.",,,,,,,,,,,,,,,,,,,
GMCruise_101717.pdf,GM Cruise LLC,Cruise,10/17/2017,5:41 PM,2017,Chevrolet,Bolt,1640 Mission St,San Francisco,San Francisco,CA,94103,No,Yes,No,No,No,2,None,Not Available,Not Available,Not Available,Not Available,Not Available,Not Available,Not Available,Not Available,Not Available,Not Available,Not Available,Not Available,Not Available,Not Available,Not Available,Not Available,Not Available,Not Available,Not Available,Not Available,Not Available,Not Available,Not Available,Not Available,Not Available,Not Available,Not Available,Not Available,Not Available,Not Available,Mazda Protege 5,2002,Yes,No,No,No,No,Minor scrape on rear bumper,GM Cruise LLC,2,Autonomous Mode,"A Cruise autonomous vehicle (""Cruise AV""), operating in autonomous mode, was involved in a collision while traveling in the right lane on Mission Street between Plum Street and South Van Ness Avenue. In heavy stop-and-go traffic, the Crnise AV allowed a delivery van to merge into traffic from a gas station parking lot, then with a green light the Cruise AV proceeded forward. A pedestrian walking against traffic, off of the sidewalk and in the Cruise AV' s lane, began to cross the street directly in front of the Cruise AV. The Cruise AV slowed to a complete stop, and a Mazda Protege 5 entering traffic from the same gas station re.:TI-endedthe Cruise AV. The parties proceeded out of the traffic lane and exchanged information, although the driver of the Protege lacked license information. The police were not called.",,,,,,,,,,,,,,,,,,,
GMCruise_101817.pdf,GM Cruise LLC,Cruise,10/18/2017,4:06 PM,2017,Chevrolet,Bolt,17th St & Folsom St,San Francisco,San Francisco,CA,94110,No,Yes,No,No,No,2,None,Not Available,Not Available,Not Available,Not Available,Not Available,Not Available,Not Available,Not Available,Not Available,Not Available,Not Available,Not Available,Not Available,Not Available,Not Available,Not Available,Not Available,Not Available,Not Available,Not Available,Not Available,Not Available,Not Available,Not Available,Not Available,Not Available,Not Available,Not Available,Not Available,Not Available,Subaru Impreza,2013,Yes,No,No,No,No,Minor scratch on rear left bumper,GM Cruise LLC,2,Autonomous Mode,"A Cmise autonomous vehicle (""Cruise AV""), operating in autonomous mode, was involved in a collision while heading west on 17th Street
as it traversed the intersection with Folsom Street. As the Cmise AV passed through the intersection, a scooter came up from behind the
Cmise AV and used the right-tum only lane to pass the Cruise AV on its passenger side. The scooter entered the Cruise AV' s lane in front
of the AV, and in response the Cruise AV stopped. At the same time, an oncoming Subaru Jmpreza attempted to tum left from 17th Street to
Folsom $tree! northbound. As the Subaru turned behind the Cruise AV, the Subaru clipped the rear, driver's-side comer of the Cruise AV.
The parties proceeded out of the tt·affic lane and exchanged information. The police were not called.",,,,,,,,,,,,,,,,,,,
GMCruise_102017.pdf,GM Cruise LLC,Cruise,10/20/2017,9:16 AM,2017,Chevrolet,Bolt,Noe St & Henry St,San Francisco,San Francisco,CA,94114,Yes,No,No,No,No,2,None,Not Available,Not Available,Not Available,Not Available,Not Available,Not Available,Not Available,Not Available,Not Available,Not Available,Not Available,Not Available,Not Available,Not Available,Not Available,Not Available,Not Available,Not Available,Not Available,Not Available,Not Available,Not Available,Not Available,Not Available,Not Available,Not Available,Not Available,Not Available,Not Available,Not Available,Not Available,Not Available,Yes,No,No,No,No,Scuffs on radar,GM Cruise LLC,2,Autonomous Mode,"A Cruise autonomous vehicle (""Cruise AV""), operating in autonomous mode, was involved in a collision while heading south on Noe Street. As the Cruise AV crossed the intersection with Henry Street 1 the driver of a Toyota Land Cruiser behind the Cruise AV drove into the oncoming Iai-ie in an effort to overtake the Cruise AV. At this point, the driver of the Cruise AV took over manual control. As the Toyota cut back into the forward lane of travel, the Toyota scraped the sensor on the Cruise AV's front, driver's-side comer. The Toyota continued through the intersection and left the scene without exchanging information. A passenger in the Crnise AV called the police to report the Incident as a hit-and-run. The police responded but no report was available at the time of the filing of this report.",,,,,,,,,,,,,,,,,,,
GMCruise_102617.pdf,GM Cruise LLC,Cruise,10/26/2017,9:09 PM,2017,Chevrolet,Bolt,5th St & Market St,San Francisco,San Francisco,CA,94102,No,Yes,No,No,No,2,None,Not Available,Not Available,Not Available,Not Available,Not Available,Not Available,Not Available,Not Available,Not Available,Not Available,Not Available,Not Available,Not Available,Not Available,Not Available,Not Available,Not Available,Not Available,Not Available,Not Available,Not Available,Not Available,Not Available,Not Available,Not Available,Not Available,Not Available,Not Available,Not Available,Not Available,Honda Accord,2015,Yes,No,No,No,No,Minimal - Rear passenger side brake light compressed into bumper,GM Cruise LLC,2,Autonomous Mode,"A Cruise autonomous vehicle (""Cruise AV""), operating in autonomous mode, was involved in a collision while traveling north in the right lane of 5th Street between Mission Street and Market Street. A white Honda Accord, finding a gap in the slow-moving but heavy traffic, turned left from Stevenson Street onto 5th Street directly behind the Cruise AV. When the Cruise AV decelerated to merge into the left lane, the driver of the Honda Accord-who appears to have been distracted, looking at a person standing on the sidewalk-failed to notice and rear-ended the Cruise AV. The parties proceeded out of the traffic lane and exchanged information. The police were not called.",,,,,,,,,,,,,,,,,,,
GMCruise_102618.pdf,GM Cruise LLC,Cruise,10/26/2018,1:28 PM,2017,Chevrolet,Bolt,SB on Gough St. between Fulton and Grove Streets,San Francisco,San Francisco,CA,94117,Yes,No,No,No,No,2,Minor,Not Available,Not Available,Not Available,Not Available,Not Available,Not Available,Not Available,Not Available,Not Available,Not Available,Not Available,Not Available,Not Available,Not Available,Not Available,Not Available,Not Available,Not Available,Not Available,Not Available,Not Available,Not Available,Not Available,Yes,Not Available,Not Available,Not Available,Not Available,Not Available,Not Available,Not Available,Not Available,Yes,No,No,No,No,Not Available,Not Available,2,Conventional Mode,"A Cruise autonomous vehicle (""Cruise AV""), operating in manual mode, was traveling southbound on Gough Street between Fulton and
Grove Streets when a lane-splitting motorcycle passed the Cruise AV and knocked off the Cruise A V's front left radar cover. The driver of
the motorcycle did not stop after the collision. There were no injuries and police were not called.",Clear,Clear,Daylight,Daylight,Dry,Dry,No unusual conditions,No unusual conditions,Proceeding Straight,Proceeding Straight,Not Available,Side Swipe,None Apparent,,,,,,
GMCruise_102718.pdf,GM Cruise LLC,Cruise,10/27/2018,1:52,2017,Chevrolet,Bolt,4th Avenue and Cornwall Street,San Francisco,San Francisco,CA,94118,Yes,No,No,No,No,2,Moderate,Not Available,Not Available,Not Available,Not Available,Not Available,Not Available,Not Available,Not Available,Not Available,Not Available,Not Available,Not Available,Not Available,Not Available,Not Available,Not Available,Not Available,Not Available,Not Available,Not Available,Not Available,Not Available,Not Available,Not Available,Not Available,Yes,Not Available,Not Available,Yes,Yes,Honda Civic EX,2012,Yes,No,No,No,No,Not Available,Not Available,2,Conventional Mode,"A Cruise autonomous vehicle (""Cruise AV"") was involved in a collision in manual mode while traveling northbound on 4th Avenue at the
intersection with Cornwall Street. While proceeding through the intersection with the right of way, the driver of the Cruise AV made contact
with a vehicle that did not obey a stop sign, damaging the right rear passenger door and wheel well ofthe other vehicle and the center of the
Cruise A V's front bumper and front camera. There were no injuries. Police arrived at the scene but did not prepare a report.",Clear,Clear,Daylight,Daylight,Dry,Dry,No unusual conditions,No unusual conditions,Proceeding Straight,Proceeding Straight,Broadside,Not Available,Other,,,,,,
GMCruise_110618.pdf,GM Cruise LLC,Cruise,11/06/18,9:16 AM,2017,Chevrolet,Bolt,Steiner St. and Haight St.,San Francisco,San Francisco,CA,94117,No,No,No,Yes,No,1,Not Available,Not Available,Not Available,Not Available,Not Available,Yes,Not Available,Not Available,Not Available,Not Available,Not Available,Not Available,Not Available,Not Available,Not Available,Not Available,Not Available,Not Available,Not Available,Not Available,Not Available,Not Available,Not Available,Not Available,Not Available,Not Available,Not Available,Not Available,Not Available,Not Available,Not Available,Not Available,Not Available,No,No,No,Yes,No,Injured Bicyclist,Not Available,1,Autonomous Mode,"A Cruise autonomous vehicle ("" Cruise AV"" ), operating in autonomous mode, was proceeding northbound on Steiner Street
at the intersection with Haight Street on a green light when a cyclist, traveling westbound through a red light, made contact with
the right rear corner of the Cruise AV. The cyclist mentioned right shoulder pain, but denied needing an ambulance and left the
scene on his own. The police were not called.",Clear,Clear,Daylight,Daylight,Dry,Dry,No unusual conditions,No unusual conditions,Proceeding Straight,Proceeding Straight,Not Available,Broadside,None Apparent,,,,,,
GMCruise_111317.pdf,GM Cruise LLC,Cruise,11/13/2017,10:05 PM,2017,Chevrolet,Bolt,11th St & Folsom St,San Francisco,San Francisco,CA,94103,Yes,No,No,No,No,2,None,Not Available,Not Available,Not Available,Not Available,Not Available,Not Available,Not Available,Not Available,Not Available,Not Available,Not Available,Not Available,Not Available,Not Available,Not Available,Not Available,Not Available,Not Available,Not Available,Not Available,Not Available,Not Available,Not Available,Not Available,Not Available,Not Available,Not Available,Not Available,Not Available,Not Available,Toyota Camry,2011,No,No,No,No,No,Minor scratch on left radar,GM Cruise LLC,2,Autonomous Mode,"""A Cruise autonomous vehicle (""Cruise AV""), operating in autonomous mode, was involved in a collision while traveling northeast in the middle lane on Folsom Street at the intersection with 11th Street. While passing through the intersection at 11th Street, the Cruise AV followed the lane markings, which shift to the left as the road transitions to a one-way street starting east of 11th Street. All lanes on Folsom Street shift left that that intersection and are clearly marked. A Toyota Camry traveling behind and to the left of the Cruise AV, and gaining on the Cruise AV, did not shift left with its lane and instead crossed over its lane boundary and lightly swiped the side of the Cruise AV. The operator of the Cruise AV disengaged from autonomous mode just prior to the impact. There were no injuries and the police were not called.""",,,,,,,,,,,,,,,,,,,
GMCruise_111518_1.pdf,GM Cruise LLC,Cruise,11 /15/18,11:16 AM,2017,Chevrolet,Bolt,Fulton St. and Baker St.,San Francisco,San Francisco,CA,94117,No,Yes,No,No,No,2,Moderate,Not Available,Not Available,Not Available,Not Available,Yes,Not Available,Not Available,Not Available,Not Available,Not Available,Not Available,Not Available,Not Available,Not Available,Not Available,Not Available,Not Available,Not Available,Not Available,Not Available,Not Available,Not Available,Not Available,Not Available,Not Available,Not Available,Not Available,Not Available,Not Available,Not Available,Jeep,2016,Yes,No,No,No,No,Not Available,Not Available,2,Autonomous Mode,"A Cruise aut. onomous vehicle("" Cruise AV"" ), operating in autonomous mode, was waiting for oncoming traffic to clear the
intersection before making a left turn onto Fulton Street from southbound Baker Street when another vehicle made contact with
the right rear corner of the Cruise AV while attempting to pass it, causing damage to the Cruise AV' s rear bumper. There
were no injuries and police were not called.",Clear,Clear,Daylight,Daylight,Dry,Dry,No unusual conditions,No unusual conditions,Stopped,Passing other Vehicle,Not Available,Rear End,None Apparent,,,,,,
GMCruise_111518_2.pdf,GM Cruise LLC,Cruise,11 /15/18,10:29 PM,2017,Chevrolet,Bolt,14th St. and Van Ness Ave.,San Francisco,San Francisco,CA,94103,Yes,No,No,No,No,2,Moderate,Not Available,Yes,Not Available,Not Available,Not Available,Not Available,Not Available,Not Available,Not Available,Not Available,Not Available,Not Available,Not Available,Not Available,Not Available,Not Available,Not Available,Not Available,Not Available,Not Available,Not Available,Not Available,Not Available,Not Available,Not Available,Not Available,Not Available,Not Available,Not Available,Not Available,CB300F,2016,Yes,No,No,No,No,Not Available,Not Available,2,Conventional Mode,"A Cruise autonomous vehicle("" Cruise AV"" ), operating in autonomous mode, was traveling eastbound on 14th Street
between Natoma and South Van Ness Streets when the Cruise AV began to yield to a car on its left. The driver of the Cruise
AV disengaged from autonomous mode, and shortly thereafter a motorcyclist made contact with the left rear bumper of the
Cruise AV, causing damage to the Cruise AV' s rear bumper. There were no injuries and police were not called.",Clear,Clear,Daylight,Daylight,Dry,Dry,No unusual conditions,No unusual conditions,Proceeding Straight,Proceeding Straight,Not Available,Rear End,None Apparent,,,,,,
GMCruise_112418.pdf,GM Cruise LLC,Cruise,11/24/2018,9:48 AM,2017,Chevrolet,Bolt,Pine St. and Battery St.,San Francisco,San Francisco,CA,94104,Yes,No,No,No,No,2,Moderate,Not Available,Not Available,Not Available,Not Available,Not Available,Not Available,Not Available,Not Available,Not Available,Not Available,Not Available,Not Available,Not Available,Not Available,Not Available,Not Available,Not Available,Not Available,Not Available,Not Available,Not Available,Not Available,Not Available,Not Available,Not Available,Yes,Not Available,Not Available,Yes,Yes,328i,2008,Yes,No,No,No,No,"Injured Driver, Injured Passenger",Not Available,2,Conventional Mode,"A Cruise autonomous vehicle ("" Cruise AV"" ), operating in conventional mode, was traveling westbound on Pine Street and
entered the intersection at Battery Street when another vehicle, traveling southbound through a red light, made contact with the
right front corner of the Cruise AV, causing damage to the Cruise AV' s front bumper. The driver and one of the passengers of
the Cruise AV suffered minor injuries. The driver of the other vehicle was not injured and police were not called.",Clear,Clear,Daylight,Daylight,Dry,Dry,No unusual conditions,No unusual conditions,Proceeding Straight,Proceeding Straight,Not Available,Broadside,None Apparent,,,,,,
GMCruise_120118.pdf,GM Cruise LLC,Cruise,12/01/18,9:58,2017,Chevrolet,Bolt,Cyril Magnin St. and Ellis St.,San Francisco,San Francisco,CA,94102,Yes,No,No,No,No,2,Minor,Not Available,Yes,Yes,Not Available,Not Available,Not Available,Not Available,Not Available,Not Available,Not Available,Not Available,Not Available,Not Available,Not Available,Not Available,Not Available,Not Available,Not Available,Not Available,Not Available,Not Available,Not Available,Not Available,Not Available,Not Available,Not Available,Not Available,Not Available,Not Available,Not Available,Honda Accord,Not Available,Yes,No,No,No,No,Not Available,Not Available,2,Autonomous Mode,"A Cruise autonomous vehicle (""Cruise AV""), operating in autonomous mode, was proceeding straight after completing a left turn from
northbound Cyril Magnin Street onto westbound Ellis Street when another vehicle, attempting to pass the Cruise AV on the left , made
contact with the left rear bumper of the Cruise AV, damaging the left rear wheel well of the Cruise AV. There were no injuries and police
were not called.",Raining,Raining,Daylight,Daylight,Wet,Wet,No unusual conditions,No unusual conditions,Proceeding Straight,Making Left Turn,Not Available,Rear End,None Apparent,,,,,,