File ID,Vehicle 1 Manufacturer,Vehicle 1 Business Name,Date,Time,Vehicle 1 Year of Manufacturing,Vehicle 1 Make,Vehicle 1 Model,Location of Accident,City of Accident,County of Accident,State of Accident,ZIPCODE of Accident,Vehicle 1 was Moving,Vehicle 1 was Stopped in Traffic,Pedestrian Involved in Accident (w V1),Bicyclist involved in Accident (w V1),Any other involved entity (w V1),Number of Vehicles involved in Accident (w V1),Vehicle Damage,RB,LR1,LR2,LR3,RR1,RR2,RR3,LRP1,LRP2,LRP3,LRP4,RRP1,RRP2,RRP3,RRP4,FDS1,FDS2,FDS3,FDS4,FPS1,FPS2,FPS3,FPS4,LFC1,LFC2,LFC3,RFC1,RFC2,RFC3,FB,Vehicle 2 Model,Vehicle 2 Year of Manufacturing,Vehicle 2 was Moving,Vehicle 2 was Stopped in Traffic,Pedestrian Involved in Accident (w V2),Bicyclist involved in Accident (w V2),Any other involved entity (w V2),Property Damage,Property Owner's Details,Number of Vehicles involved in Accident (w V2),Car Mode,Description,Weather Vehicle 1,Weather Vehicle 2,Lighting Vehicle 1,Lighting Vehicle 2,Roadway Surface Vehicle 1,Roadway Surface Vehicle 2,Roadway Conditions Vehicle 1,Roadway Conditions Vehicle 2,Movement Preceding Collision Vehicle 1,Movement Preceding Collision Vehicle 2,Type of Collison Vehicle 1,Type of Collison Vehicle 2,Other Factors,Lat1,Lng1,Lat2,Lng2,Lat3,Lng3
GMCruise_120717.pdf,GM Cruise LLC,Cruise,12/07/2017,9:35 AM,2017,Chevrolet,Bolt,Oak St & Fillmore St,San Francisco,San Francisco,CA,94117,Yes,No,No,No,No,2,None,Not Available,Not Available,Not Available,Not Available,Not Available,Not Available,Not Available,Not Available,Not Available,Not Available,Not Available,Not Available,Not Available,Not Available,Not Available,Not Available,Not Available,Not Available,Not Available,Not Available,Not Available,Not Available,Not Available,Not Available,Not Available,Not Available,Not Available,Not Available,Not Available,Not Available,HondaS90,1996,Yes,No,No,No,No,Long scuff on passenger side of tl1e vehicle,GM Cruise LLC,2,Autonomous Mode,"A Cruise autonomous vehicle (""Cruise AV""), operating in autonomous mode in heavy traffic, was involved in a collision while traveling east on Oak Street just past the intersection with Fillmore Street. The Cruise AV was traveling in the center of three one-way lanes. Identifying a space between two vehicles (a minivan in front and a sedan behind) in the left lane, the Cruise AV began to merge into that lane. At the same time, the minivan decelerated. Sensing that its gap was closing, the Cruise AV stopped maldng its lane change and returned fully to the center lane. As the Cruise AV was re-centering itself in the lane, a motorcycle that that had just lane-split between two vehicles in the center and right lanes moved into the center lane, glanced the side of the Cruise AV, wobbled, and fell over. At the time of the collision, the Cruise AV was traveling with the flow of traffic at 12mph, while the motorcycle was traveling at approximately 17mph. The motorcyclist got up and walked his vehicle to the side of the road, where the parties exchanged information. 911 was called pursuant to Cruise policy. The motorcyclist reported shoulder pain and was taken to receive medical care, and a police report was taken.
As reported in Traffic Collision Report#l70989746, the motorcyclist was determined to be at fault for attempting to overtake and pass another vehicle on the right under conditions that did not pennit that movement in safety in violation of CVC 21755(a).",,,,,,,,,,,,,,,,,,,
Google_021416.pdf,Google Auto LLC,Google,2/14/16,Not Available,2012,Lexus,RX 450h,El Camino del Mar and Castro Street,Mountain View,Santa Clara,CA,94043,Yes,No,No,No,No,2,Not Available,Not Available,Not Available,Not Available,Not Available,Not Available,Not Available,Not Available,Not Available,Not Available,Not Available,Not Available,Not Available,Not Available,Not Available,Not Available,Not Available,Not Available,Not Available,Not Available,Not Available,Not Available,Not Available,Not Available,Not Available,Not Available,Not Available,Not Available,Not Available,Not Available,Not Available,"Newflyer Articulated Bus, 2003",2002,Yes,No,No,No,No,Not Available,Not Available,2,Autonomous Mode,"A Google Lexus-model autonomous vehicle (""Google AV"") was traveling in autonomous mode eastbound on El Cumino Real in Mountaim View in the far right-hand lane approaching the Castro St. intersection. As the Google AV appronched the intersection, it signaled its intent to make a right turn on red onto Castro St. The Google AV then moved to the right-hand side of the lane to pass traffic in the same lane that was stopped at the intersection and proceeding straight, Flowever, the Google A V had to come to a stop and go wound sundbags positioned around a storm drain that were blocking its path. When the light tumed green, taffic in the lane continued past the Google AV. After a fow cars had passed, the Google AV began to proceed back into the center of the lane to pass the sand bags. A public tansit bus was approaching from behind. The Google AV test driver saw the bus approaching in the left side minor but believed the bus would stop or slow to allow the Gonola A V trammer
slow to allow the Google AV to continue. Approximately three seconds later, as the Google AV was reentering the center of the Jane it made contact with the side of the bus. The Google AV was operating in autonomous mode and traveling at less than 2 mph, and the bus was travelling at about 15 mph at the time of contact.
The Google AV sustained body damage to the left front fender, the left tront wheel and one of its driver's-side sensors, There were no injuries reported at the scene.",,,,,,,,,,,,,,,,,,,
Google_022615.pdf,Google Auto LLC,Google,02/26/2015,Not Available,2011,Lexus,RX 450h,El Camino Real and View St,Mountain View,Santa Clara,CA,94040,Yes,No,No,No,No,2,Not Available,Not Available,Not Available,Not Available,Not Available,Not Available,Not Available,Not Available,Not Available,Not Available,Not Available,Not Available,Not Available,Not Available,Not Available,Not Available,Not Available,Not Available,Not Available,Not Available,Not Available,Not Available,Not Available,Not Available,Not Available,Not Available,Not Available,Not Available,Not Available,Not Available,Not Available,AUDI S6,2015,Yes,No,No,No,No,Not Available,Not Available,2,Conventional Mode,"The Lexus AY was traveling northbound on El Camino Real in Autoromous Mode when and Audi sedan traveling westbound on View St. failed to come to a stop at the stop-sign at the intersection of El Camino Real and View St. The Audi rolled through the stop-sign and stuck the right rear quarter panel and right rear wheel of the Lexus AY. Prior to the collision, the Lexus AV's autonomous technology began applying the brakes in response to its detection of the Audi's speed and trajectory. Just before the collision, the criver of the Lexus AV
autonomous technology.
disengaged Autonomous Mode and took manual control of the vehicle in response to the application of the brakes by the Lexus AV's",,,,,,,,,,,,,,,,,,,
Google_032617.pdf,Google Auto LLC,Google Auto LLC,03/26/2017,4:50 PM,2012,Lexus,RX 450h,Shoreline Blvd and El Camino Real,Mountain View,Santa Clara,CA,94043,Yes,No,No,No,No,2,None,Not Available,Not Available,Not Available,Not Available,Not Available,Not Available,Not Available,Not Available,Not Available,Not Available,Not Available,Not Available,Not Available,Not Available,Not Available,Not Available,Not Available,Not Available,Not Available,Not Available,Not Available,Not Available,Not Available,Not Available,Not Available,Not Available,Not Available,Not Available,Not Available,Not Available,Toyota Camry,2002,Yes,No,No,No,No,Not Available,Not Available,2,Autonomous Mode,"A Waymo Lexus-model autonomous Vehicle (""Waymo AV"") was involved in a collision while in autonomous mode in the left tum lane on SB Shoreline near El Camino in Mountain View, CA. The Waymo AV was rear-ended by a Toyota Camry while slowly creeping forward withtrafficattheredlight. TheWaymoAVwastravellingaround1MPHatthetimeofcollision,theCamrywastravellingaround7MPH at moment of collision . The Waymo AV had minor damage to its rear bumper, the Camry had minor damage to its front bumper.",,,,,,,,,,,,,,,,,,,
Google_040715.pdf,Google Auto LLC,Google,04/07/2016,Not Available,2011,Lexus,RX 450h,Castro and El Camino,Mountain View,Santa Clara,CA,94040,Yes,No,No,No,No,2,Not Available,Not Available,Not Available,Not Available,Not Available,Not Available,Not Available,Not Available,Not Available,Not Available,Not Available,Not Available,Not Available,Not Available,Not Available,Not Available,Not Available,Not Available,Not Available,Not Available,Not Available,Not Available,Not Available,Not Available,Not Available,Not Available,Not Available,Not Available,Not Available,Not Available,Not Available,BMW 3 Series,2011,Yes,No,No,No,No,Not Available,Not Available,2,Autonomous Mode,"The above identified Google Lexus autonomous vehicle (Google AV) was involved in an nccident in Mountain View when travelling northbound on Castro St. and making o right lur onto El Comino eastbound, The Google AV was operating in Autonomous Mode at the time of the accident.
The Google A Y was kavolling northbound in the rightmost lame of Castro St and cume lo a complole stop for a ted light a the intersectio of Casiro St. and El Camino Read, The Google AV then proceeded to make a right turn on red by creeping forward to obtain a bolter told of view of cross Iratfic on El Camino Real appronching from the lett. While creeping forward, the Google AV delucted a chicle approaching eastbound on El Camino Real and cane to a stop in order to yield to the approaching vehicle. The Google AV was just • starting to move (<l MPF) when the vohicle following immediately behind it, which was also attempting to make a right turn onto El Comino Real, falled to brake sufficiently and struck the Google AY's bumper al approximately 5 MPH.
All occupants of both velicies Involved were uninjured in tho collision. The Google AV sustained minimal body damage, and the other yehicle sustained no visible body damago.",,,,,,,,,,,,,,,,,,,
Google_040716.pdf,Google Auto LLC,Google,04/07/2016,Not Available,2012,Lexus,RX 450h,Bryant St at Oregon Epy,Palo Alto,Santa Clara,CA,94301,No,Yes,No,No,No,2,Not Available,Not Available,Not Available,Not Available,Not Available,Not Available,Not Available,Not Available,Not Available,Not Available,Not Available,Not Available,Not Available,Not Available,Not Available,Not Available,Not Available,Not Available,Not Available,Not Available,Not Available,Not Available,Not Available,Not Available,Not Available,Not Available,Not Available,Not Available,Not Available,Not Available,Not Available,Lexus LS400,1999,Yes,No,No,No,No,Not Available,Not Available,2,Autonomous Mode,"A GOOGLE LEXUS MODEL AUTONOMOUS VEHICLE (""GOOGLE AV"") WAS TRAVELLING SOUTHBOUND ON BRYANT ST.

IN PALO ALTO IN AUTONOMOUS MODE AND WAS STOPPED BEHIND TRAFFIC AT THE RED LIGHT INTERSECTION OR

OREGON EXPY. A VEHICLE ATTEMPTING TO PASS ON THE RIGHT SHOULDER VERY SLIGHTLY CONTACTED THE

GOOGLE AV, THE OTHER VEHICLE'S LEFT SIDE-VIEW MIRROR GRAZED THE PASSENGER SIDE OF OUR VEHICLE.

THERE WERE NO INJURIES REPORTED AT THE SCENE BY EITHER PARTY. THE GOOGLE AV SUSTAINED NO DAMAGE

AND THE OTHER VEHICLE'S LEFT SIDE-VIEW MIRROR WAS SLIGHTLY FOLDED IN.",,,,,,,,,,,,,,,,,,,
Google_041917.pdf,Google Auto LLC,Google Auto LLC,04/19/2017,6:59 PM,2012,Lexus,RX 450h,Middlefield Road at Oregon Expressway,Palo Alto,Santa Clara,CA,94301,Yes,No,No,No,No,1,None,Not Available,Not Available,Not Available,Not Available,Not Available,Not Available,Not Available,Not Available,Not Available,Not Available,Not Available,Not Available,Not Available,Not Available,Not Available,Not Available,Not Available,Not Available,Not Available,Not Available,Not Available,Not Available,Not Available,Not Available,Not Available,Not Available,Not Available,Not Available,Not Available,Not Available,Not Available,Not Available,No,No,No,No,No,Not Available,Not Available,2,Autonomous Mode,"A WA YMO LEXUS-MODEL AUTONOMOUS VEHICLE (""WAYMO AV"") MADE CONTACT WITH A CURB WHILE IN MANUAL MODE ON MIDDLEFIELD ROAD AT OREGON EXPRESSWAY IN PALO ALTO, CA. THEWAYMOAVWAS TRAVELING EASTBOUND IN AUTONOMOUS MODE IN THE RIGHTMOST LANE OF MIDDLEFIELD ROAD. AS THE VEHICLE CROSSED OREGON EXPRESSWAY, THE WAYMO AV AUTONOMOUS SYSTEM DETECTED THE VEHICLE IN THE LEFT ADJACENT LANE BEGIN TO DRIFT TO THE RIGHT, TOWARD THE WAYMO AV. THEW AYMO AV NUDGED TO THE RIGHTMOST SIDE OF ITS LANE. AS THE LEFT ADJACENT VEHICLE CONTINUED TO DRIFT TOWARDS THEW AYMO A V, THE WAYMO AV TEST DRIVER TOOK MANUAL CONTROL. THEWAYMO AV'S FRONT PASSENGER-SIDE TIRE THEN MADE CONTACT WITH THE RIGHT CURB, CAUSING IT TO DEFLATE. THE OTHER VEHICLE THEN STRAIGHTENED ITS TRAJECTORY IN ITS LANE AND CONTINUED ON. THERE WERE NO INJURIES REPORTED.",,,,,,,,,,,,,,,,,,,
Google_042715.pdf,Google Auto LLC,Google Auto LLC,04/27/2015,Not Available,2015,Lexus,RX 450h,California St and Shoreline Blvd,Mountain View,Santa Clara,CA,94043,No,Yes,No,No,No,2,Not Available,Not Available,Not Available,Not Available,Not Available,Not Available,Not Available,Not Available,Not Available,Not Available,Not Available,Not Available,Not Available,Not Available,Not Available,Not Available,Not Available,Not Available,Not Available,Not Available,Not Available,Not Available,Not Available,Not Available,Not Available,Not Available,Not Available,Not Available,Not Available,Not Available,Not Available,Toyota Camry,2000,Yes,No,No,No,No,Not Available,Not Available,2,Autonomous Mode,"Lexus RX450H (the ""AV"") in autonomous mode heading southbound on Califomia St. in Mountain View, was stopped fox a red light in the right lane dane 2) at the intersectou of California St. and Shoreline Blyd. A Toyota Canty immediately behiod the A Y attempted to pass the AV on its right in the bike lane, in order to make a right turn onto Shoreline Blvd. While passing the AV, the Toyota's driver's side mircor brushed one of the AV's sensors located on the passenger's side of the AV. Neither vehicle was damaged,",,,,,,,,,,,,,,,,,,,
Google_042816.pdf,Google Auto LLC,Google,04/28/16,5:35 PM,2012,Lexus,RX 450h,Nita Avenue and San Antonio Road,Palo Alto,Santa Clara,CA,94306,No,Yes,No,No,No,2,Not Available,Not Available,Not Available,Not Available,Not Available,Not Available,Not Available,Not Available,Not Available,Not Available,Not Available,Not Available,Not Available,Not Available,Not Available,Not Available,Not Available,Not Available,Not Available,Not Available,Not Available,Not Available,Not Available,Not Available,Not Available,Not Available,Not Available,Not Available,Not Available,Not Available,Not Available,Toyota Prius,2015,Yes,No,No,No,No,Not Available,Not Available,2,Autonomous Mode,"A Google prototype model autonomous vehicle (""Google AV"") proceeding westbound in autonomous mode on Nita Avenue in Palo Alto was involved in an accident. The Google AV came to a stop at the intersection of San Antonio Road, then, prior to making a right turn on San Antonio Road, began to gradually advance forward in order to get a better view of traffic approaching from the left on San Antonio Road. When the Google AV stopped in order to yield to traffic approaching from the left on San Antonio Road, a vehicle approaching at approximately 9 mph from behind the Google AV collided with the rear bumper of the Google AV.

There were no injuries reported by either party at the scene. Both vehicles sustained minor damage.",,,,,,,,,,,,,,,,,,,
Google_050416.pdf,Google Auto LLC,Google,05/04/2016,9:35 PM,2012,Lexus,RX 450h,Latham St and Chiquita Ave,Mountain View,Santa Clara,CA,Not Available,Yes,No,No,No,No,1,Not Available,Not Available,Not Available,Not Available,Not Available,Not Available,Not Available,Not Available,Not Available,Not Available,Not Available,Not Available,Not Available,Not Available,Not Available,Not Available,Not Available,Not Available,Not Available,Not Available,Not Available,Not Available,Not Available,Not Available,Not Available,Not Available,Not Available,Not Available,Not Available,Not Available,Not Available,Not Available,Not Available,No,No,No,No,No,Not Available,Not Available,1,Conventional Mode,"A Google prototype autonomous vehicle (""Google A V"") in manual mode proceeding westbound on Latham St. in Mountain View struck a
median while traveling at 9 mph near the intersection of Chiquita Ave. There were no other vehicles involved and no traffic in the vicinity.
There were no injuries. The Google A V sustained minor damage.",,,,,,,,,,,,,,,,,,,
Google_053015.pdf,Google Auto LLC,Google Auto LLC,05/30/2015,12:00 PM,2011,Lexus,RX 450h,720 Shoreline Blvd,Mountain View,Santa Clara,CA,94041,No,Yes,No,No,No,2,Not Available,Not Available,Not Available,Not Available,Not Available,Not Available,Not Available,Not Available,Not Available,Not Available,Not Available,Not Available,Not Available,Not Available,Not Available,Not Available,Not Available,Not Available,Not Available,Not Available,Not Available,Not Available,Not Available,Not Available,Not Available,Not Available,Not Available,Not Available,Not Available,Not Available,Not Available,Ford Expedition,2003,Yes,No,No,No,No,Not Available,Not Available,2,Autonomous Mode,"A Google Lexus model autonomous vehicle (""Google AV"") was travelling southbound on Shoreline Boulevard in Mountain View in autonomous mode and was stopped behind daffic at a red light at the intersection of Shoreline Boulevard and El Camino Real, A Ford Expedition appronching from behind collided with the rear bumper and sensor of the Google AV. The approximate speed of the Ford
Expedition at the time of impact was 1 mph,
There were no injuries reported at the scene by either party, The Google AV sustained minor damage to its rear sensor and bumper. There was no visible damage to the Ford Expedition,",,,,,,,,,,,,,,,,,,,
Google_060415.pdf,Google Auto LLC,Google Auto LLC,06/04/2015,8:54 AM,2012,Lexus,RX 450h,California Avenue and Rengstorff,Mountain View,Santa Clara,CA,940410,No,Yes,No,No,No,2,Not Available,Not Available,Not Available,Not Available,Not Available,Not Available,Not Available,Not Available,Not Available,Not Available,Not Available,Not Available,Not Available,Not Available,Not Available,Not Available,Not Available,Not Available,Not Available,Not Available,Not Available,Not Available,Not Available,Not Available,Not Available,Not Available,Not Available,Not Available,Not Available,Not Available,Not Available,Honda Accord,2008,Yes,No,No,No,No,Not Available,Not Available,2,autonomous Mode,"A Googlo Lexus model autonomous vehicle (""Google AV"" was travelling wostbound on California St in Mountan View in autonomous mode and was stopped bebind traffie at a red light at the intersection of Califomia St, and Rengstorit Ave. A vehicle approaching from behind collided with the rear bumper of the Google A.V. The Google A Y was stopped for approximately 17 seconds prior to the collision.
Tho approximate speed of the other vehicle at the time of impact was <1 mph.
There were no injuries reported at the scene by either party. The Google AV sustained no damage and there was no visible damage to the other vehiole.",,,,,,,,,,,,,,,,,,,
Google_061815.pdf,Google Auto LLC,Google,06/18/2015,11:15 AM,2012,Lexus,RX 450h,California and Bryant,Mountain View,Santa Clara,CA,Not Available,No,Yes,No,No,No,2,Not Available,Not Available,Not Available,Not Available,Not Available,Not Available,Not Available,Not Available,Not Available,Not Available,Not Available,Not Available,Not Available,Not Available,Not Available,Not Available,Not Available,Not Available,Not Available,Not Available,Not Available,Not Available,Not Available,Not Available,Not Available,Not Available,Not Available,Not Available,Not Available,Not Available,Not Available,Mazda 2,2013,No,Yes,No,No,No,Not Available,Not Available,2,autonomous Mode,"A Google Lexus-model autonomous vehicle (""Googie AV"") was traveling northbound on California St. in Mountain View in autonomous mode and was stopped at a red light in the straight-only lanc at the intersection of California St. and Bryant St. The lane to the left of the Google AV was a left-turn-only lane. The vehicle waiting immediately behind the Google AV in the straight-only lane began to move forward when the green arrow left turn signal appeared (despite the signal for the straight-only lane remaining red) and collided with the rear bumper of the Google AV. The Google AV had been stopped for about 11 seconds at the time of impact. The other vehicle was traveling about 5 mph at the time of impact.
There were no injuries reported at the scene by either party. The Google AV sustained minor damage (scrapes) to its rear bumper. The other vehicle sustained minor damage (scrapes) to its front bumper.",,,,,,,,,,,,,,,,,,,
Google_070115.pdf,Google Auto LLC,Google,07/01/2015,5:16 PM,2012,Lexus,RX 450h,Grant Road,Mountain View,Santa Clara,CA,94043,No,No,No,No,No,2,Not Available,Not Available,Not Available,Not Available,Not Available,Not Available,Not Available,Not Available,Not Available,Not Available,Not Available,Not Available,Not Available,Not Available,Not Available,Not Available,Not Available,Not Available,Not Available,Not Available,Not Available,Not Available,Not Available,Not Available,Not Available,Not Available,Not Available,Not Available,Not Available,Not Available,Not Available,Nissan Altima XL,2002,Yes,No,No,No,No,Not Available,Not Available,2,autonomous Mode,"A Google Lexus model autonomous vehicle (""Google AV"") was traveling northbound on Grant Rd. in Mountain View approaching the intersection of Phyllis Ave. and Martens Ave. in autonomous mode. The two vehicles in front of the Google AV, the Google AV, and the vehicle behind the Google AV were all traveling at a steady speed of - 15 mph. While approaching a green light intersection with stopped traffic on the other side of the intersection, the first vehicle decelerated and came to a stop, keeping clear of the intersection. The vehicle directly in front of the Google AV and the Google AV also decelerated and came to a stop with adequate and similar stopping distances.
About 1 second later, the vehicle approaching from the rear struck the Google AV at - 17mph and did not appear to decelerate prior to the collision. At the time of the incident, the driver, co-driver, and rear passenger of the Google AV reported some whiplash. They were driv by other team members to a local hospital, where they were evaluated by medical staff and cleared to retur to work. The driver of the oth vehicle reported minor neck and back pain. The Google AV sustained minor damage to its rear bumper. The other vehicle sustained significant damage to its front end.",,,,,,,,,,,,,,,,,,,
Google_071516.pdf,Google Auto LLC,Google,7/15/2016,3:26 PM,2015,Google,Self Driving Car,Cuesta Drive and Springer Road,Los Altos,Santa Clara,CA,94024,No,Yes,No,No,No,2,Not Available,Not Available,Not Available,Not Available,Not Available,Not Available,Not Available,Not Available,Not Available,Not Available,Not Available,Not Available,Not Available,Not Available,Not Available,Not Available,Not Available,Not Available,Not Available,Not Available,Not Available,Not Available,Not Available,Not Available,Not Available,Not Available,Not Available,Not Available,Not Available,Not Available,Not Available,Mitsubishi,Not Available,Yes,No,No,No,No,Not Available,Not Available,2,Autonomous Mode,"A Google prototype autonomous vehicle (""Google AV"") operating in autonomous travelling westbound on Cuesta Dr. in Los Altos, CA was involved in an accident. The Google AV was stopped at the stop sign at the intersection of Cuesta Dr. and Spinger Rd. when a vehicle approaching from behind in the same lane collided with the Google A V. The other vehicle was traveling at approximately 7 mph when it struck the Google A.V. The Google A V sustained minor damage to its rear hatch and rear sensor. Google was unable to determine whether or not the other vehicle sustained any damage. There were no injuries reported at the scene. The driver of the vehicle left the scene without exchanging information. Police were notified of the incident.",,,,,,,,,,,,,,,,,,,
Google_080816.pdf,Google Auto LLC,Google,08/08/2016,Not Available,2015,Google,Self Driving Car,Rengstorff Ave and Califonia St,Mountain View,Santa Clara,CA,94043,Yes,No,No,No,No,2,Not Available,Not Available,Not Available,Not Available,Not Available,Not Available,Not Available,Not Available,Not Available,Not Available,Not Available,Not Available,Not Available,Not Available,Not Available,Not Available,Not Available,Not Available,Not Available,Not Available,Not Available,Not Available,Not Available,Not Available,Not Available,Not Available,Not Available,Not Available,Not Available,Not Available,Not Available,325I,2005,Yes,No,No,No,No,Not Available,Not Available,2,Conventional Mode,"A Google prototype autonomous vehicle (Google AV) operating in manual mode traveling eastbound on California Rd. in Mountain View,
CA was involved in a minor áccident. The Google AV was stopped at the intersection of Rengstorff Ave, waiting for pedestrians on

Rengstorff Ave. to complete their crossing before it could turn right onto Rengstorff Ave. Another vehicle approaching from behind

collided with the rear bumper of the Google AV. The other vehicle was traveling at approximately 4 MPH at the time of the collision.
The

Google AV sustained minor damage to its rear hatch and bumper. There was no visible damage to the other vehicle. Neither party reported
any injuries at the scene",,,,,,,,,,,,,,,,,,,
Google_081616.pdf,Google Auto LLC,Google,08/16/2016,Not Available,2015,Google,Self Driving Car,Not Available,Not Available,Not Available,CA,Not Available,No,Yes,No,No,No,2,Not Available,Not Available,Not Available,Not Available,Not Available,Not Available,Not Available,Not Available,Not Available,Not Available,Not Available,Not Available,Not Available,Not Available,Not Available,Not Available,Not Available,Not Available,Not Available,Not Available,Not Available,Not Available,Not Available,Not Available,Not Available,Not Available,Not Available,Not Available,Not Available,Not Available,Not Available,Volkswagon,2009,Yes,No,No,No,No,Not Available,Not Available,2,Autonomous Mode,"A Google Prototype autonomous vehicle (""Google AV"") travelling southeastbound on Phyllis Ave, in Mountain View in autonomous mode

was involved in an accident. In preparation for making a right turn onto Grant Rd., the Google AV entered the right-turn slip lane and

advanced forward at 6 M.PH to gain a better view of traffic travelling southbound on Grant Rd. As the Google A V moved forward, it

detected a vehicle approaching southbound on Grant Rd, and came to a stop to yield to that vehicle. Approximately one second later, a

vehicle approaching from behind the Google AV at approximately 5 MPH collided with the rear bumper of the Google AV. The Google

AV experienced moderate damage to its rear bumper and hatch. The other vehicle experienced mild damage to its front bumper. There were
no injuries reported at the scene by either paity.",,,,,,,,,,,,,,,,,,,
Google_082015.pdf,Google Auto LLC,Google,08/20/2015,9:36 AM,2012,Lexus,RX 450h,Shoreline Blvd and High School Way,Mountain View,Santa Clara,CA,94040,Yes,No,No,No,No,2,Not Available,Not Available,Not Available,Not Available,Not Available,Not Available,Not Available,Not Available,Not Available,Not Available,Not Available,Not Available,Not Available,Not Available,Not Available,Not Available,Not Available,Not Available,Not Available,Not Available,Not Available,Not Available,Not Available,Not Available,Not Available,Not Available,Not Available,Not Available,Not Available,Not Available,Not Available,Tesla Model S,2013,Yes,No,No,No,No,Not Available,Not Available,2,Conventional Mode,"A Google Lexus autonomous vehicle (""Google AV"") operating in autonomous mode and traveling northbound on Shoreline Blvd. in Mountain View in lane two (the second of three lanes) was involved in an accident. As the Google AV approached the intersection of Shoreline Blvd. and High School way, a pedestrian began to cross the northbound lanes of Shoreline Blvd. in the crosswalk traveling westbound. The Google AV slowed to yield as it approached the crosswalk, and out of an abundance of caution the Google AV test driver disengaged the autonomous technology and took control of the vehicle. A vehicle in lane three to the immediate right of, and traveling in the same direction as, the Google AV was already stopped and yielding the right of way to the pedestrian. A vehicle in the process of changing lanes from lane one into lane two and approaching from the rear struck the Google AV. The Google AV was travelling 5 mph at the time of impact, and braking to stop for the crosswalk. The other vehicle was travelling approximately 10 mph at the time of impact.
not report any injuries at the scene.
The Google AV test driver reported minor back pain and was taken to a local hospital by Google employees, where he was evaluated and released by medical staff. The Google AV co-test driver did not report any injuries. The Google AV sustained minor damage to its rear left bumper. The other vehicle sustained moderate damage to its front end and was towed from the scene. The driver of the other vehicle did",,,,,,,,,,,,,,,,,,,
Google_090216.pdf,Google Auto LLC,Google,09/02/2016,10:41 AM,2015,Google,Self Driving Car,Phyllis and Grant,Mountain View,Santa Clara,CA,94040,No,Yes,No,No,No,2,Not Available,Not Available,Not Available,Not Available,Not Available,Not Available,Not Available,Not Available,Not Available,Not Available,Not Available,Not Available,Not Available,Not Available,Not Available,Not Available,Not Available,Not Available,Not Available,Not Available,Not Available,Not Available,Not Available,Not Available,Not Available,Not Available,Not Available,Not Available,Not Available,Not Available,Not Available,Ford Taurus,2011,Yes,No,No,No,No,Not Available,Not Available,2,Autonomous Mode,"A Google prototype autonomous vebicle (""Google AV"") travelling southeast on Phyllis Ave, in Mountain View in autonomous mode was involved in an accident. In preparation for making a right turn onto Grant Rd., the Google AV entered the right-turn slip lane and advanced forward to gain a better view of traffic traveling southbound on Grant Rd: As the Google AV moved forward, it detected an oncoming vehicle (traveling southbound on Grant Rd.) and came to a stop in order to yield to the oncoming vehicle. Approximately one second later, a vehicle approaching from behind the Google AV collided with the rear bumper of the Google AV at an approximate speed of 15 mph. The Google AV experienced moderate damage to its rear bumper and hatch. The other vehicle experienced minor damage to its front bumper.
There were no injuries reported at the scene by either party.",,,,,,,,,,,,,,,,,,,