File ID,Vehicle 1 Manufacturer,Vehicle 1 Business Name,Date,Time,Vehicle 1 Year of Manufacturing,Vehicle 1 Make,Vehicle 1 Model,Location of Accident,City of Accident,County of Accident,State of Accident,ZIPCODE of Accident,Vehicle 1 was Moving,Vehicle 1 was Stopped in Traffic,Pedestrian Involved in Accident (w V1),Bicyclist involved in Accident (w V1),Any other involved entity (w V1),Number of Vehicles involved in Accident (w V1),Vehicle Damage,RB,LR1,LR2,LR3,RR1,RR2,RR3,LRP1,LRP2,LRP3,LRP4,RRP1,RRP2,RRP3,RRP4,FDS1,FDS2,FDS3,FDS4,FPS1,FPS2,FPS3,FPS4,LFC1,LFC2,LFC3,RFC1,RFC2,RFC3,FB,Vehicle 2 Model,Vehicle 2 Year of Manufacturing,Vehicle 2 was Moving,Vehicle 2 was Stopped in Traffic,Pedestrian Involved in Accident (w V2),Bicyclist involved in Accident (w V2),Any other involved entity (w V2),Property Damage,Property Owner's Details,Number of Vehicles involved in Accident (w V2),Car Mode,Description,Weather Vehicle 1,Weather Vehicle 2,Lighting Vehicle 1,Lighting Vehicle 2,Roadway Surface Vehicle 1,Roadway Surface Vehicle 2,Roadway Conditions Vehicle 1,Roadway Conditions Vehicle 2,Movement Preceding Collision Vehicle 1,Movement Preceding Collision Vehicle 2,Type of Collison Vehicle 1,Type of Collison Vehicle 2,Other Factors,Lat1,Lng1,Lat2,Lng2,Lat3,Lng3
Google_090716.pdf,Google Auto LLC,Google,09/07/2016,6:47 PM,2015,Google,Self Driving Car,Nita Avenue and San Antonio Road,Palo Alto,Santa Clara,CA,94306,Yes,No,No,No,No,2,Not Available,Not Available,Not Available,Not Available,Not Available,Not Available,Not Available,Not Available,Not Available,Not Available,Not Available,Not Available,Not Available,Not Available,Not Available,Not Available,Not Available,Not Available,Not Available,Not Available,Not Available,Not Available,Not Available,Not Available,Not Available,Not Available,Not Available,Not Available,Not Available,Not Available,Not Available,Mercedes Sprinter,2014,Yes,No,No,No,No,Not Available,Not Available,2,Autonomous Mode,"A Google prototype autonomous vehicle (""Google AV"") proceeding westbound in autonomous mode on Nita Avenue in Palo Alto was

involved in an accident. The Google AV came to a stop at the intersection of San Antonio Road, then, in preparation for making a right turn

on San Antonio Road, began to gradually advance forward in order to gain a better view of cross-traffic. A 12-passenger shuttle van waiting

immediately behind the Google AV then advanced forward at approximately 7 mph and collided with the rear bumper of the Google AV.

The Google AV was travelling at approximately 3 mph at the time of the collision. The Google AV experienced minor damage to its rear

bumber and hatch. The other vehicle experienced minor damage to its front bumper and right headlight. There were no injuries reported at
the scene by either party.",,,,,,,,,,,,,,,,,,,
Google_091416.pdf,Google Auto LLC,Google Auto LLC,09/14/2016,3:06 PM,2015,Google,Self Driving Car,El Camino Real,Los Altos,Santa Clara,CA,94022,Yes,No,No,No,No,2,Not Available,Not Available,Not Available,Not Available,Not Available,Not Available,Not Available,Not Available,Not Available,Not Available,Not Available,Not Available,Not Available,Not Available,Not Available,Not Available,Not Available,Not Available,Not Available,Not Available,Not Available,Not Available,Not Available,Not Available,Not Available,Not Available,Not Available,Not Available,Not Available,Not Available,Not Available,Nissan Versa,2014,Yes,No,No,No,No,Not Available,Not Available,2,Conventional Mode,"A Google prototype autonomous vehicle (""Google AV"") traveling eastbound in manual mode on El Camino Real in Los Altos was involved in an accident. As the Google AV was completing a lane change in autonomous mode from the far right lane to the middle lane of El Camino Real near the intersection of Showers Drive, a car stopped in traffic in the far left lane of El Camino Real abruptly changed lanes into the middle lane, immediately in front of the Google AV. The Google AV test driver took manual control of the Google AV and quickly merged back into the far right lane to avoid the vehicle. Another vehicle approaching from behind in the right lane of El Camino Real then struck the rear passenger side quarter panel of the Google AV at approximately 23 mph. The Google AV was travelling at approximately 14 mph at the time of the collision. The Google AV sustained minor damage to its rear passenger-side tire, quarter panel, and door. The other vehicle sustained moderate damage to its front bumper and front driver-side fender. There were no injuries reported at the scene by either party.",,,,,,,,,,,,,,,,,,,
google_092316.pdf,Google Auto LLC,Google Auto LLC,09/23/2016,11:58 AM,2012,Lexus,RX 450h,Phyllis and El Camino Real,Mountain View,Santa Clara,CA,94040,No,No,No,No,No,2,Not Available,Not Available,Not Available,Not Available,Not Available,Not Available,Not Available,Not Available,Not Available,Not Available,Not Available,Not Available,Not Available,Not Available,Not Available,Not Available,Not Available,Not Available,Not Available,Not Available,Not Available,Not Available,Not Available,Not Available,Not Available,Not Available,Not Available,Not Available,Not Available,Not Available,Not Available,Mercedes Sprinter 2500 4x2,2004,Yes,No,No,No,No,Not Available,Not Available,2,Conventional Mode,"A Google Lexus-model autonomous vehicle (""Google AV"") traveling northbound on Phyllis Ave, in Mountain View in manual mode was involved in an accident. As the Google AV proceeded through a green light at the El Camino Real intersection, its autonomous technology detected another vehicle traveling westbound on El Camino Real approaching the intersection at 30 mph and began to apply the Google AV's brakes in anticipation that the other vehiclé would run through the red light. The Google AV test driver then disengaged the autonomous technology and took manual control of the Google AV: Immediately thereafter, the other vehicle ran through the red light and collided with the right side of the Google AV at 30 mph. At the timé of collision, the Google AV was traveling at 22 mph. The Google AV sustained substantial damage to its front and rear passenger doors. The other vehicle sustained significant damage to its front end. There were no injuries reported at the scene by either party. However, the Google AV test driver later voluntarily went to a local hospital where he was evaluated by medical staff and released.",,,,,,,,,,,,,,,,,,,
Google_102616.pdf,Google Auto LLC,Google Auto LLC,10/26/2016,10:27 AM,2015,Google,Self Driving Car,El Camino Real,Los Altos,Santa Clara,CA,94043,Yes,No,No,No,No,2,Not Available,Not Available,Not Available,Not Available,Not Available,Not Available,Not Available,Not Available,Not Available,Not Available,Not Available,Not Available,Not Available,Not Available,Not Available,Not Available,Not Available,Not Available,Not Available,Not Available,Not Available,Not Available,Not Available,Not Available,Not Available,Not Available,Not Available,Not Available,Not Available,Not Available,Not Available,Prius,2015,Yes,No,No,No,No,Not Available,Not Available,2,Autonomous Mode,"A Google prototype autonomous vehicle (""Google AV"") traveling southbound in autonomous mode on Shoreline Boulevard in Mountain

View was involved in an accident. The Google AV entered a slip lane in order to turn right onto El Camino Real and came to a stop to
yield to westbound traffic on El Camino Real. As the Google AV began to move forward onto El Camino Real, another vehicle


immediately behind the Google A V collided with the rear of the Google A V. At the time of the collision, the Google A V was traveling at

approximately 3 mph, and the other vehicle was traveling at approximately 6 mph. The Google A V sustained minor damage to its rear
hatch. The other vehicle sustained minor damage to its front bumper. There were no injuries reported by either party at the scene.",,,,,,,,,,,,,,,,,,,
Google_110215.pdf,Google Auto LLC,Google Auto LLC,11/02/2015,2:50 PM,2012,Lexus,RX 450h,Clark Ave and El Camino Real,Mountain View,Santa Clara,CA,94040,No,Yes,No,No,No,2,Not Available,Not Available,Not Available,Not Available,Not Available,Not Available,Not Available,Not Available,Not Available,Not Available,Not Available,Not Available,Not Available,Not Available,Not Available,Not Available,Not Available,Not Available,Not Available,Not Available,Not Available,Not Available,Not Available,Not Available,Not Available,Not Available,Not Available,Not Available,Not Available,Not Available,Not Available,BMW 328I,2000,Yes,No,No,No,No,Not Available,Not Available,2,autonomous Mode,"A Google Lexus model autonomous vehicle (""Google AV"") in autonomous mode travelling northbound on Clark Ave in Mountain View was involved in an accident. As the Google AV approached the intersection of Clark St. and El Camino Real it activated its turn signal to indicate its intention to make a right turn on El Camino Real. The Google AV came to a complete stop at a red light at the intersection and then began to slowly advance in order to get a better view of cross traffic on El Camino Real approaching from the left to determine whether it was clear to make the right turn on red. A vehicle approaching from behind stopped and then rolled forward and collided with the rear bumper of the Google A V. The approximate speed of the other vehicle at the time of impact was 4 MPH. The speed of the Google AV at the timo of impact was below 1 MPH.
There were no injuries reported at the scene by cither party. The Google A V sustained minor damage to the rear bumper. The other vehicle sustained minor damage to the passenger side headlight, vehicle hood, and front bumper.",,,,,,,,,,,,,,,,,,,
Google_121116.pdf,Google Auto LLC,Google Auto LLC,12/11/2016,11:36 AM,2012,Lexus,RX 450h,El Camino Real and Rengstorff,Mountain View,Santa Clara,CA,94040,Yes,No,No,No,No,2,Not Available,Not Available,Not Available,Not Available,Not Available,Not Available,Not Available,Not Available,Not Available,Not Available,Not Available,Not Available,Not Available,Not Available,Not Available,Not Available,Not Available,Not Available,Not Available,Not Available,Not Available,Not Available,Not Available,Not Available,Not Available,Not Available,Not Available,Not Available,Not Available,Not Available,Not Available,Toyota Corolla,1997,Yes,No,No,No,No,Not Available,Not Available,2,Autonomous Mode,"A Google Lexus autonomous vehicle (""Google AV"") traveling southwest in autonomous mode on Rengstorff Ave. in Mountain View was

involved in an accident. As the Google AV made a left turn onto El Camino Real from the outside left turn lane, another vehicle in the

inside left turn lane also turning left onto El Camino Real crossed into the outside left turn lane and collided with the driver's side of the

Google AV. The Google AV test driver immediately disengaged the autonomous technology, took manual control of the vehicle and

brought it to a stop at the side of El Camino Real. The Google AV sustained damage to its driver-side doors. The other vehicle sustained

damage to its front bumper. The Google AV was traveling approximately 20 mph and the other vehicle was traveling approximately 15

mph at the time of the collision. There were no injuries reported at the scene by either party.",,,,,,,,,,,,,,,,,,,
Jingchi_052218.pdf,Jingchi Corp,Jingchi.ai,05/22/2018,10:50,2017,Lincoln,MKZ,Borregas turning right onto Caribbean,Sunnyvale,Santa Clara,CA,94089,No,Yes,No,No,No,1,Minor,Yes,Not Available,Not Available,Not Available,Not Available,Not Available,Not Available,Not Available,Not Available,Not Available,Not Available,Not Available,Not Available,Not Available,Not Available,Not Available,Not Available,Not Available,Not Available,Not Available,Not Available,Not Available,Not Available,Not Available,Not Available,Not Available,Not Available,Not Available,Not Available,Not Available,Honda Civic,2008,Yes,No,No,No,No,Not Available,Not Available,1,Autonomous Mode,"The vehicle was in autonomous mode making a right turn on red from Borregas to Gibraltar at 10:50 AM Tuesday May 22, 2018. The car
came to a complete stop, proceeded slowly and then stopped again to yield for other traffic. The other vehicle collided with the rear bumper
ofthe autonomous vehicle while the autonomous vehicle was at a stop. The other vehicle was moving <5 MPH. There were no injuries and
minimal damage to the bumper ofthe autonomous car, a few scratches. The other vehicle had minimal damage to the front bumper, a few
scratches.",Clear,Clear,Daylight,Daylight,Dry,Dry,No unusual conditions,No unusual conditions,Stopped,Making Right Turn,Rear End,Head-On,None Apparent,,,,,,
lyft-collision-report-april-11-2019.pdf,"Lyft, Inc.","Lyft, Inc.",04/11/2019,11:31 AM,2018,Ford,Fusion,Natoma Street and 6th Street,San Francisco,San Francisco,CA,94103,Yes,No,No,No,No,2,Minor,No,No,No,No,No,No,No,No,No,No,No,No,No,No,No,No,No,No,No,No,No,No,No,Yes,No,Yes,No,No,No,No,Toyota Prius,2015,Yes,No,No,No,No,Only for Old Reports,Only for Old Reports,2,Conventional Mode,"On April 11, 2019 at approximately 11:31 am, a Lyft Autonomous Vehicle operating in manual mode was involved in an incident with a moving third party vehicle. The incident occurred after making a right turn from Natoma Street and 6th Street in San Francisco, CA. Lyft was proceeding straight in the right lane when the third party vehicle aggressively swerved into the right lane, cutting broadside in front of the Lyft AV, and came to a complete stop, causing unavoidable impact from the Lyft AV at approximately 1 mph. The Lyft AV sustained damage to the front left bumper, fender, and left lidar sensor. The third party vehicle sustained damage to the right rear quarter panel and rear passenger door. Lyft AV operators called 911 due to hostile behavior of the third party driver and emergency vehicles responded to the scene. No injuries were reported by the first responders or the team in the Lyft AV.",Clear,Clear,Daylight,Daylight,Dry,Dry,No unusual conditions,No unusual conditions,Proceeding Straight,Changing Lanes,Head-On,Side Swipe,None Apparent,,,,,,
lyft-collision-report-february-28-2019.pdf,"Lyft, Inc.","Lyft, Inc.",02/28/2019,2:06 PM,2017,Ford,Fusion Hybrid,Northbound Shoreline Boulevard and Wright Ave,Mountain View,Santa Clara,CA,94043,No,Yes,No,No,No,2,Minor,Yes,Yes,No,No,Yes,No,No,No,No,No,No,No,No,No,No,No,No,No,No,No,No,No,No,No,No,No,No,No,No,No,Mercedes Benz E Class 4D 2WD 350,2006,Yes,No,No,No,No,Only for Old Reports,Only for Old Reports,Not Applicable,Conventional Mode,"At approximately 2:06 pm on February 28, 2019, a Lyft Autonomous Vehicle (""Lyft AV""), operating in manual mode, was struck at very low speed from behind by a 3rd party passenger vehicle while waiting to make a protected left turn in Mountain View, CA. The driver of the Lyft AV had been inched forward after being stopped at a red light for approximately 105 seconds on NB Shoreline Boulevard while waiting to make a left turn onto Wright Avenue. The driver of the 3rd party passenger vehicle verbally stated that she had pressed both the accelerator and the brake pedal simultaneously. The Lyft AV sustained minor damage to the rear bumper. The 3rd party passenger vehicle sustained minor damage to the front bumper and grill. No injuries were reported and the police were not notified.",Clear,Clear,Daylight,Daylight,Dry,Dry,No unusual conditions,No unusual conditions,Stopped,Proceeding Straight,Rear End,Head-On,None Apparent,,,,,,
lyft-collision-report-march-12-2019.pdf,"Lyft, Inc.","Lyft, Inc.",03/12/2019,4:05 PM,2018,Ford,Fusion,739 Pettis Avenue,Mountain View,Santa Clara,CA,94041,Yes,No,No,No,No,2,Minor,No,Yes,No,No,No,No,No,No,No,No,No,No,No,No,No,No,No,No,No,No,No,No,No,No,No,No,No,No,No,No,A4 Audi,Not Available,No,No,No,No,Parked,Only for Old Reports,Only for Old Reports,Not Applicable,Conventional Mode,"On March 12, 2019 at approximately 4:07 pm, a Lyft Autonomous Vehicle (""Lyft AV""), operating at full manual mode, made contact at approximately 2 mph with a parked 3rd party vehicle while reversing during a multi-point turn. There was no driver or passenger present in the 3rd party vehicle. The incident occurred on Pettis Avenue near El Camino Boulevard in Mountain View, CA. Minor damage is limited to the left rear bumper area of the Lyft AV (A010) and the left rear driver's side of the 3rd party, pending further inspection. The owner of the 3rd party vehicle came outside to exchange information with the operators. No injuries were reported and the police were not notified.",Clear,Clear,Daylight,Daylight,Dry,Dry,No unusual conditions,No unusual conditions,Backing,Parking,Rear End,Broadside,None Apparent,,,,,,
lyft-collision-report-march-6-2019.pdf,"Lyft, Inc.","Lyft, Inc.",03/06/2019,8:24 AM,2018,Ford,Fusion,Alma Road approaching Charleston Road,Palo Alto,Santa Clara,CA,94306,Yes,No,No,No,No,N/A,Minor,No,Yes,No,No,No,No,No,No,No,No,No,No,No,No,No,No,No,No,No,No,No,No,No,No,No,No,No,No,No,No,A4 Audi,Not Available,No,No,No,No,Parked,Only for Old Reports,Only for Old Reports,2,Conventional Mode,"On March 6, 2019 at approximately 8:42 AM, a Lyft Autonomous Vehicle (""Lyft AV""), operating in full manual mode and heading westbound on Alma Street in Palo Alto, made a minor contact with the rear bumper of a 3rd party vehicle during rainy and wet roadway conditions. The driver of the Lyft AV applied the brakes while coming to a stop for traffic before making contact at a very low speed. The Lyft AV sustained minor damage to a front sensor and brake. The 3rd party vehicle appeared to have very minor damage to the bumper but neither driver could confirm at the time. There were no injuries reported and the police were not notified.",Raining,Raining,Daylight,Daylight,Wet,Wet,No unusual conditions,No unusual conditions,Proceeding Straight,Stopped,Head-On,Rear End,None Apparent,,,,,,
lyft-collision-report-may-2-2019.pdf,"Lyft, Inc.","Lyft, Inc.",05/02/2019,3:50 PM,2018,Ford,Fusion,NB on San Antonio Rd.,Palo Alto,Santa Clara,CA,94306,No,Yes,No,No,No,N/A,Minor,Yes,Yes,No,No,Yes,No,No,No,No,No,No,No,No,No,No,No,No,No,No,No,No,No,No,No,No,No,No,No,No,No,Ford Fusion,2017,Yes,No,No,No,No,Only for Old Reports,Only for Old Reports,2,Conventional Mode,"At approximately 3:50 pm, the Lyft autonomous vehicle (""Lyft"") was traveling northbound on San Antonio Road in Palo Alto while in manual mode when a third-party vehicle made contact with rear bumper at a very low speed. At the time of contact, was stopped for traffic for approximately 2 seconds during stop and go traffic. No visible damage was noted by either party at the scene. No injuries were reported and local law enforcement was not called.",Clear,Clear,Daylight,Daylight,Dry,Dry,No unusual conditions,No unusual conditions,Stopped,Proceeding Straight,Rear End,Head-On,None Apparent,,,,,,
lyft-collision-report-november-19-2019.pdf,"Lyft, Inc","Lyft, Inc",11/19/19,2:04 PM,2018,Ford,Fusion,Medical Foundation Dr and El Camino Blvd.,Palo Alto,Santa Clara,CA,94301,No,No,No,No,No,2,Minor,No,No,No,No,No,No,No,No,No,No,No,No,No,No,No,No,No,No,No,No,No,No,No,No,No,No,No,No,No,No,Outback,2019,No,No,No,No,No,Only for Old Reports,Only for Old Reports,2,Conventional Mode,"On November 19, 2019 at approximately 2:04pm in clear weather, a Lyft Autonomous Vehicle (“Lyft AV”) was travelling at 29.6mph in autonomous mode northbound in the right lane on El Camino Real Blvd in Palo Alto, CA when the Safety Driver commanded manual mode with steering and brake inputs in immediate reaction to the third party vehicle in the adjacent center lane abruptly cutting in to the AV's lane, apparently attempting to make a last-second right turn onto Medical Foundation Drive. Approximately 1.5 seconds later, the third party vehicle collided with AV which was then travelling at 14mph. The third party passenger vehicle made contact with the Lyft AV’s front left lidar sensor and the driver side fender. Damage was limited to the third party’s passenger side door and passenger side fender, and the Lyft AV’s front bumper, left bumper lidar sensor and driver side fender. No injuries were reported and law enforcement was not called.",Wind,Wind,Dark w Non-functioning Street-lights,Dark w Non-functioning Street-lights,Slippery,Slippery,No unusual conditions,No unusual conditions,Other,Other,Other,Other,None Apparent,,,,,,
mercedes-benz_020223.pdf,"MERCEDES-BENZ RESEARCH & DEVELOPMENT NORTH AMERICA, INC.","MERCEDES-BENZ RESEARCH & DEVELOPMENT NORTH AMERICA, INC.",2/2/2023,8:25,2021,MERCEDES-BENZ,S-CLASS,605N HWY,SANTA FE SPRINGS,Los Angeles,CA,90650,No,Yes,No,No,No,2,Minor,Yes,Yes,No,No,Yes,No,No,No,No,No,No,No,No,No,No,No,No,No,No,No,No,No,No,No,No,No,No,No,No,No,FRHT TRUCK TRACTOR,2014,Yes,No,No,No,No,Only for Old Reports,Only for Old Reports,2,Autonomous Mode,"The subject Mercedes-Benz DRIVE PILOT test vehicle was traveling between 15 – 20 mph in the #2 northbound lane on the 605 Freeway in California in stop and go traffic with the L3 ADS activated by the driver. The vehicle’s ADS determined that a truck traveling in the adjacent lane had a trajectory towards the Drive Pilot’s lane, and so the Mercedes-Benz test vehicle autonomously applied the brakes to avoid a collision. After applying the brakes and bringing itself to a standstill, the Mercedes-Benz was then struck in the rear bumper by a trailing semi-truck that did not stop in time. No injuries were reported, no airbags deployed in either vehicle, and both vehicles were able to be driven from the scene of the incident. The Mercedes-Benz vehicle experienced minor damage to the rear bumper, and no damage was observed on the semi-truck at the scene. The CA Traffic Collision Report for the subject incident noted a violation of California Vehicle Code 22350 (unsafe speed for traffic conditions) by the semi-truck in the #2 lane that struck the rear bumper of the Mercedes-Benz.",Clear,Clear,Daylight,Daylight,Dry,Dry,No unusual conditions,No unusual conditions,Stopped,Proceeding Straight,Other,Rear End,CVC Sections Not Violated,,,,,,
mercedes-benz_020923.pdf,"MERCEDES-BENZ RESEARCH & DEVELOPMENT NORTH AMERICA, INC.","MERCEDES-BENZ RESEARCH & DEVELOPMENT NORTH AMERICA, INC.",2/9/2023,3:10 PM,2022,MERCEDES-BENZ,S580,405FWY SOUTH,GARDENA,Los Angeles,CA,90248,Yes,No,No,No,No,2,Minor,Yes,Yes,No,No,Yes,No,No,No,No,No,No,No,No,No,No,No,No,No,No,No,No,No,No,No,No,No,No,No,No,No,JEEP,2020,Yes,No,No,No,No,Only for Old Reports,Only for Old Reports,2,Conventional Mode,"The subject Mercedes-Benz vehicle was driving in stop and go traffic on the 405 south freeway in Gardena, California with the L3 ADS activated. The test route selected by the driver in the vehicle's navigation system indicated an upcoming exit, so the driver began to prepare for a lane change towards the highway exit by deactivating the L3 ADS and activating the turn signal. Once the vehicle was in conventional driving mode, the driver looked for a gap in the adjacent lane to merge towards the exit lane, applied the brakes, and slowed the vehicle down. The SUV following the Mercedes-Benz vehicle did not respond in time to the vehicle's braking and contacted the rear of the Mercedes-Benz approximately 10 seconds after the L3 ADS was deactivated. The Mercedes-Benz vehicle experienced minor damage to the rear bumper. No injuries were reported, no airbags deployed in either vehicle, and both vehicles were driven from the scene of the incident.",Clear,Clear,Daylight,Daylight,Dry,Dry,No unusual conditions,No unusual conditions,Proceeding Straight,Proceeding Straight,Other,Rear End,CVC Sections Not Violated,,,,,,
mercedes-benz_053023.pdf,"MERCEDES-BENZ RESEARCH & DEVELOPMENT NORTH AMERICA, INC.","MERCEDES-BENZ RESEARCH & DEVELOPMENT NORTH AMERICA, INC.",05/30/2023,4:30 PM,2021,Mercedes-Benz,S500,EB Condensa Street,Santa Clara,Santa Clara,CA,95051,No,Yes,No,No,No,2,Minor,Yes,Yes,No,No,Yes,No,No,No,No,No,No,No,No,No,No,No,No,No,No,No,No,No,No,No,No,No,No,No,No,No,Mazda 3,2016,Yes,No,No,No,No,Only for Old Reports,Only for Old Reports,2,Conventional Mode,The Mercedes-Benz was traveling eastbound on Condensa Street at the merge of the eastbound Central Expressway. The driver of the Mercedes-Benz was yielding to cross-traffic and came to a complete stop as he waited for an opening to merge. The driver of the Mazda following the Mercedes-Benz did not come to a stop and contacted the Mercedes-Benz at the rear bumper. The Mazda was travel <5mph at the time of contact with the Mercedes-Benz. No injuries were incurred and both parties were able to drive away from the incident.,Clear,Clear,Daylight,Daylight,Dry,Dry,No unusual conditions,No unusual conditions,Stopped,Slowing/Stopping,Rear End,Head-On,None Apparent,,,,,,
mercedes-benz_060123.pdf,"MERCEDES-BENZ RESEARCH & DEVELOPMENT NORTH AMERICA, INC.","MERCEDES-BENZ RESEARCH & DEVELOPMENT NORTH AMERICA, INC.",6/1/2023,10:53 AM,2022,S CLASS,MERCEDES-BENZ,710N NEAR 91E INTERCHANGE,LONG BEACH,Los Angeles,CA,90805,No,No,No,No,IRON ROD,1,Moderate,Yes,Yes,No,No,Yes,No,No,No,No,No,No,No,No,No,No,No,No,No,No,No,No,No,No,No,No,No,No,No,No,No,Not Available,Not Available,No,No,No,No,No,Only for Old Reports,Only for Old Reports,Not Applicable,Conventional Mode,"THE DRIVER WAS OPERATING THIS VEHICLE ON US HWY 710N IN L2 MODE APPROACHING THE INTERCHANGE WITH THE US HWY 91. AS DRIVER APPROACHED AN OVERPASS, A 4-FOOT LONG STEEL ROD FELL FROM THE BRIDGE AND BOUNCED OFF THE HIGHWAY BEFORE HITTING THE FRONT BUMPER OF THE VEHICLE. THE DRIVER TOOK MANUAL CONTROL AND BROUGHT THE VEHICLE TO A STOP ON THE SHOULDER. DAMAGE WAS INCURRED TO THE FRONT BUMPER INCLUDING DESTRUCTION OF A CAMERA SENSOR, LIDAR, AND RADAR. NO INJURIES WERE REPORTED BY THE DRIVER AND HE WAS ABLE TO DRIVE FROM THE SCENE OF THE INCIDENT.",Cloudy,Wind,Daylight,Dark w Non-functioning Street-lights,Dry,Slippery,No unusual conditions,No unusual conditions,Proceeding Straight,Other,Hit Object,Other,None Apparent,,,,,,
mercedesbenz_042623.pdf,"MERCEDES-BENZ RESESARCH & DEVELOPMENT NORTH AMERICA, INC.","MERCEDES-BENZ RESEARCH & DEVELOPMENT NORTH AMERICA, INC.",4/26/2023,3:00 PM,2021,MERCEDES-BENZ,S450 4MATIC,San Thomas Expressway & Central Expressway,SANTA CLARA,SANTA CLARA,CA,95051,No,Yes,No,No,No,1,Minor,Yes,No,No,No,Yes,No,No,No,No,No,No,No,No,No,No,No,No,No,No,No,No,No,No,No,No,No,No,No,No,No,PORSCHE CAYENNE,Not Available,Yes,No,No,No,No,Only for Old Reports,Only for Old Reports,1,Conventional Mode,The Mercedes-Benz was leaving the off-ramp of EB Central Expressway and approached the merge at NB San Thomas Expressway. The driver yielded to cross traffic at the merge when the Porsche Cayenne vehicle rear-ended the Mercedes-Benz.,Wind,Wind,Daylight,Daylight,Dry,Slippery,No unusual conditions,No unusual conditions,Slowing/Stopping,Merging,Rear End,Head-On,None Apparent,,,,,,
mercedesbenz_08182023.pdf,"Mercedes-Benz Research & Development North America, Inc.","Mercedes-Benz Research & Development North America, Inc.",8/18/2023,6:05 PM,2021,Mercedes-Benz,S580,105W to 405S interchange,Los Angeles,Los Angeles,CA,90250,No,Yes,No,No,No,2,Minor,Yes,Yes,No,No,Yes,No,No,No,No,No,No,No,No,No,No,No,No,No,No,No,No,No,No,No,No,No,No,No,No,No,Chevrolet,2013,Yes,No,No,No,No,Only for Old Reports,Only for Old Reports,2,Conventional Mode,The driver was manually driving the Mercedes-Benz vehicle on the interchange from the 105W to 405S when the vehicle in front of him came to an abrupt stop due to slowed traffic on the freeway. The driver manually brought the Mercedes-Benz vehicle to a stop in his lane. The vehicle behind him did not come to a stop in time and rear ended the Mercedes-Benz. There was no injury or property damage. The Mercedes-Benz was able to drive away from the accident. Damange was sustained to the rear bumper of the Mercedes Benz and the front bumper of the following vehicle. At no point during the incident was the vehicle operating in autonomous mode.,Clear,Clear,Daylight,Daylight,Slippery,Slippery,No unusual conditions,No unusual conditions,Stopped,Proceeding Straight,Rear End,Head-On,None Apparent,,,,,,
Nissan_051016.pdf,Nissan North America Inc,Nissan North America Inc,05/10/2016,Not Available,2010,Nissan,Leaf,101 HWY SOUTHBOUND,Sunnyvale,Santa Clara,CA,94080,Yes,No,No,No,No,2,Not Available,Not Available,Not Available,Not Available,Not Available,Not Available,Not Available,Not Available,Not Available,Not Available,Not Available,Not Available,Not Available,Not Available,Not Available,Not Available,Not Available,Not Available,Not Available,Not Available,Not Available,Not Available,Not Available,Not Available,Not Available,Not Available,Not Available,Not Available,Not Available,Not Available,Not Available,Chevrolet Cobalt,2010,Yes,Yes,No,No,No,Not Available,Not Available,2,Autonomous Mode,"The AV (subject vehicle) Driver was on Highway 101 S between NASA Ames Research Center and Exit 237 to Sunnyvale, at approximately 3:00 pm on Tuesday May 10, 2016. The AV functions of the subject vehicle were not engaged at the time (conventional mode). The subject vehicle had one passenger in the back seat. There was heavy traffic traveling at 20-40mph. The car traveling directly ahead of the subject vehicle stopped suddenly. The subject vehicle impacted the stopped vehicle at low speed. Both drivers pulled over to the shoulder of the road. No injuries were reported by either vehicle occupant in this minor crash. No airbags deployed in the crash. Except for minor scuff marks on the leading vehicle's rear bumper, no other body damage was observed. After exchange of information, both vehicles were driven away from the scene. The police were not called. No other vehicles were involved.",,,,,,,,,,,,,,,,,,,