File ID,Vehicle 1 Manufacturer,Vehicle 1 Business Name,Date,Time,Vehicle 1 Year of Manufacturing,Vehicle 1 Make,Vehicle 1 Model,Location of Accident,City of Accident,County of Accident,State of Accident,ZIPCODE of Accident,Vehicle 1 was Moving,Vehicle 1 was Stopped in Traffic,Pedestrian Involved in Accident (w V1),Bicyclist involved in Accident (w V1),Any other involved entity (w V1),Number of Vehicles involved in Accident (w V1),Vehicle Damage,RB,LR1,LR2,LR3,RR1,RR2,RR3,LRP1,LRP2,LRP3,LRP4,RRP1,RRP2,RRP3,RRP4,FDS1,FDS2,FDS3,FDS4,FPS1,FPS2,FPS3,FPS4,LFC1,LFC2,LFC3,RFC1,RFC2,RFC3,FB,Vehicle 2 Model,Vehicle 2 Year of Manufacturing,Vehicle 2 was Moving,Vehicle 2 was Stopped in Traffic,Pedestrian Involved in Accident (w V2),Bicyclist involved in Accident (w V2),Any other involved entity (w V2),Property Damage,Property Owner's Details,Number of Vehicles involved in Accident (w V2),Car Mode,Description,Weather Vehicle 1,Weather Vehicle 2,Lighting Vehicle 1,Lighting Vehicle 2,Roadway Surface Vehicle 1,Roadway Surface Vehicle 2,Roadway Conditions Vehicle 1,Roadway Conditions Vehicle 2,Movement Preceding Collision Vehicle 1,Movement Preceding Collision Vehicle 2,Type of Collison Vehicle 1,Type of Collison Vehicle 2,Other Factors,Lat1,Lng1,Lat2,Lng2,Lat3,Lng3
nuro_07242023.pdf,Nuro Inc,Nuro Inc,07/24/2023,4:30 PM,2022,Toyota,Prius,Monecito and Shoreline,Mountain View,Santa Clara,CA,94043,No,Yes,No,No,No,2,Minor,Yes,No,No,No,No,No,No,No,No,No,No,No,No,No,No,No,No,No,No,No,No,No,No,No,No,No,No,No,No,No,Lexus GX,2022,Yes,No,No,No,No,Only for Old Reports,Only for Old Reports,2,Conventional Mode,"On Monday, July 24th, a Nuro Prius operating in manual mode was stopped at a red light at the intersection of Monecito and Shoreline. The light turned green and the Nuro Prius was waiting for traffic ahead to proceed, when a vehicle approaching the intersection failed to slow down and rear-ended the Nuro Prius. No injuries were reported. The drivers exchanged insurance information. The Nuro Prius had minor damage to its rear bumper and lidar.",Clear,Clear,Daylight,Daylight,Dry,Dry,No unusual conditions,No unusual conditions,Stopped,Proceeding Straight,Rear End,Head-On,None Apparent,,,,,,
pony-ai_060523.pdf,"Pony.ai, Inc.",Pony.ai,06/05/2023,11:39 AM,2021,Hyundai,Kona EV,Warren Ave & Kato Rd,Fremont,Alameda,CA,94538,No,Yes,No,No,Vehicle,2,Minor,Yes,No,No,No,No,No,No,No,No,No,No,No,No,No,No,No,No,No,No,No,No,No,No,No,No,No,No,No,No,No,Honda Accord,Not Available,Yes,No,No,No,Vehicle,Only for Old Reports,Only for Old Reports,2,Autonomous Mode,"On June 5, 2023, while in supervised (“Drivered”) autonomous mode, a Pony.ai AV was rear-ended twice by a passenger vehicle at the intersection of Warren Ave and Kato Road in Fremont, CA. The Pony.ai AV was stopped at a red stop light when the passenger vehicle directly behind the Pony.ai AV proceeded to rear-end the Pony.ai AV two times in quick succession. The Pony.ai safety operator disengaged the Pony.ai AV from autonomous mode, and, concerned for his own safety, immediately drove the vehicle back to the Pony.ai Fremont office (a distance of approximately 1 mile). The passenger vehicle which had rear-ended the Pony.ai AV followed the Pony.ai AV back to Pony.ai’s Fremont office. After a brief interaction during which the driver of the passenger vehicle threatened Pony.ai employees, the passenger vehicle and driver drove away. The Fremont police took a report about the incident. There were no injuries reported.",Clear,Clear,Daylight,Daylight,Dry,Dry,No unusual conditions,No unusual conditions,Stopped,Proceeding Straight,Other,Rear End,None Apparent,,,,,,
pony-ai_09152023.pdf,"Pony.ai, Inc.",Pony.ai,09/15/2023,5:02 PM,2019,Lincoln,MKZ,Interstate 880; near exit 10,Milpitas,Alameda,CA,95035,Yes,No,No,No,No,1,Minor,No,No,No,No,Yes,No,No,No,No,No,No,No,No,No,No,No,No,No,No,No,No,No,No,No,No,No,No,No,No,No,Not Available,Not Available,No,No,No,No,No,Only for Old Reports,Only for Old Reports,Not Applicable,Conventional Mode,"On September 15, 2023, a Pony.ai autonomous vehicle (AV) collided with road debris while operating in supervised autonomous (""Drivered"") mode northbound on the 880 freeway, preparing to enter the Dixon Landing exit.
Immediately prior to the incident, the safety driver noticed a flat item was in the center part of the lane. The driver disengaged from autonomous mode and attempted to dodge the debris. However, the debris struck the rear bumper slightly damaging it.
Following the collision, the safety operator promptly drove the AV to Pony.ai's Fremont office. There were no injuries reported, and the police were not called.",Clear,Wind,Daylight,Dark w Non-functioning Street-lights,Dry,Slippery,Loose Material on Roadway,No unusual conditions,Proceeding Straight,Other,Hit Object,Other,Vision Obscured,,,,,,
pony-ai-collision-report-july-12-2019.pdf,"Pony.AI, Inc","Pony.AI, Inc",07/12/2019,5:00 PM,2018,Lincoln,MKZ,California Cir & Dixon Landing Rd,Milpitas,Alameda,CA,95035,No,Yes,No,No,No,2,Minor,No,No,No,No,No,No,No,No,No,No,No,No,No,No,No,No,No,No,No,No,No,No,No,No,No,No,No,No,No,Yes,Civic LX,2011,Yes,No,No,No,No,Only for Old Reports,Only for Old Reports,1,Conventional Mode,"A Pony.ai autonomous vehicle (""Pony AV"") in autonomous mode was stopped at a red light at the intersection of Dixon Landing Road and California Circle. While stopped at the red light, the Pony AV's safety driver noticed that the reverse lights of the vehicle directly in front of the Pony AV (""Vehicle 2"") were on. The Pony AV's safety driver disengaged autonomous mode, observed that there were no vehicles directly behind it, and reversed 20-30 feet as a precaution. When the traffic light turned green, Vehicle 2 accelerated while still in reverse toward the Pony AV. Vehicle 2 came to a complete stop about 4 feet from the Pony AV's front bumper. After about 2 seconds, however, Vehicle 2 continued to reverse in the direction of the Pony AV, resulting in contact between the two vehicles. The contact caused minor scratches to both vehicles. The Pony AV's safety driver and the driver of Vehicle 2 pulled over at a nearby parking lot and exchanged information. There were no injuries reported and the police were not called.",Clear,Clear,Daylight,Daylight,Dry,Dry,No unusual conditions,No unusual conditions,Stopped,Backing,Other,Other,None Apparent,,,,,,
pony-ai-collision-report-june-26-2019.pdf,"Pony.AI, Inc.","Pony.AI, Inc.",6/26/19,2:26 PM,2018,Lincoln,MKZ,Pine Street at Cameron Hills Drive,Fremont,Alameda,CA,94539,No,No,No,No,No,2,Minor,No,No,No,No,No,No,No,No,No,No,No,No,No,No,No,No,No,No,No,No,No,No,No,No,No,No,No,No,No,No,Tesla Model 3,Not Available,No,No,No,No,No,Only for Old Reports,Only for Old Reports,2,Conventional Mode,"A Pony.AI autonomous vehicle (""Pony AV"") in autonomous mode was traveling southbound on Pine Street heading towards Cameron Hills Drive. A passenger vehicle traveling southbound behind the Pony AV crossed the traffic line and entered the northbound lane of Pine Street in an attempt to pass the Pony AV. The Pony AV's speed remained consistent. After passing the Pony AV by about a quarter car length, the passenger vehicle abruptly turned back into the southbound lane of Pine Street such that it was in very close proximity to the front of the Pony AV. The passenger vehicle then suddenly decelerated. The Pony AV's safety driver disengaged autonomous mode and manually applied the brake. As a result of the passenger vehicle's sudden deceleration, the Pony AV's front-left bumper made contact with the back-right bumper of the passenger vehicle causing minor scratches to both vehicles. The safety driver of the Pony AV and the driver of the passenger vehicle stopped to exchange information. No injuries were reported and the police were not called.",Wind,Wind,Dark w Non-functioning Street-lights,Dark w Non-functioning Street-lights,Slippery,Slippery,No unusual conditions,No unusual conditions,Other,Other,Other,Other,None Apparent,,,,,,
pony-ai-collision-report-may-30-2020.pdf,"Pony.ai, Inc.",Pony.ai,05/30/2020,10:19 AM,2019,Hyundai,KONA,Corner of Harvard and Barranca,Irvine,Orange County,CA,92606,No,Yes,No,No,No,2,Moderate,Yes,Yes,No,No,No,No,No,No,No,No,No,No,No,No,No,No,No,No,No,No,No,No,No,No,No,No,No,No,No,No,Ford Mustang,2011,Yes,No,No,No,No,Only for Old Reports,Only for Old Reports,1,Autonomous Mode,"The Pony.ai autonomous vehicle (""Pony.ai AV"") stopped at a red light on the corner of Harvard Ave and Barranca Parkway, preparing to make a right turn on red. The Pony.ai AV crept into the intersection before stopping to yield to oncoming traffic. While stopped, the Pony.ai AV was rear-ended by the vehicle behind it (""Vehicle 2""). The contact between the vehicles caused a moderate dent to the back of the Pony.ai AV and minor damage to Vehicle 2. Both drivers pulled over to the side of the roadway and exchanged information. There were no injuries reported and the police were not called.",Clear,Clear,Daylight,Daylight,Dry,Dry,No unusual conditions,No unusual conditions,Stopped,Proceeding Straight,Other,Head-On,None Apparent,,,,,,
TRI_080718.pdf,"Toyota Research Institute, Inc.",Toyota Research Institute,08/07/2018,11:50 AM,2016,Lexus,LX 600H L,I-80 East,Crockett,Contra Costa,CA,94525,Yes,No,No,No,No,3,Major,Not Available,Not Available,Not Available,Not Available,Not Available,Not Available,Yes,Not Available,Not Available,Not Available,Not Available,Not Available,Yes,Not Available,Yes,Not Available,Not Available,Not Available,Not Available,Not Available,Not Available,Not Available,Yes,Not Available,Not Available,Yes,Not Available,Not Available,Yes,Yes,Prius,2005,Yes,No,No,No,No,Not Available,Not Available,3,Conventional Mode,"A Toyota Research Institute Vehicle (the 'TRI Vehicle"") was travelling under manual control in the #1 lane on I-80 Eastbound near the
Pomona Street exit in Crockett. A Hyundai attempted to change from the #3 lane to the #2 lane. The Hyundai impacted a Prius that was
already in the #2 lane, which caused the Prius to enter the #1 lane, where it impacted the TRI Vehicle. The TRI Vehicle then impacted the
center barrier and came to a stop in the roadway. The Hyundai stopped on the right shoulder, and the Prius eventually came to rest along the
dirt embankment
The California Highway Patrol responded to the scene, and the vehicles were cleared off the roadway.
ATTACHED: Additional information relating the Hyundai vehicle and driver.",Clear,Clear,Daylight,Daylight,Dry,Dry,No unusual conditions,No unusual conditions,Proceeding Straight,Proceeding Straight,Hit Object,Side Swipe,None Apparent,,,,,,
UATC_051117.pdf,"UATC, LLC","UATC, LLC",05/11/2017,10:50 AM,2017,Volvo,XC90,Wisconsin Street southbound near Coral Rd.,San Francisco,San Francisco,CA,94107,No,Yes,No,No,No,2,Minor,Yes,Yes,Not Available,Not Available,Yes,Not Available,Not Available,Not Available,Not Available,Not Available,Not Available,Not Available,Not Available,Not Available,Not Available,Not Available,Not Available,Not Available,Not Available,Not Available,Not Available,Not Available,Not Available,Not Available,Not Available,Not Available,Not Available,Not Available,Not Available,Not Available,Toyota Tacoma,2008,Yes,No,No,No,No,Not Available,Not Available,2,Conventional Mode,"An Uber Volvo XC 90 registe red under the DMV testing progr am (""Vehicl e l "") approache d and came to a complete stop at a stop sign heading south on Wisconsin Street at Coral Street in San Francisco .After Vehicl e 1made a complete stop,another vehicle (""Vehicle 2"") approachedfrombehindVehicle Iandrear-endedthestationaryVehicle1beforeVehicle1wasabletoproceedthroughtheintersection.",Clear,Clear,Daylight,Daylight,Dry,Dry,No unusual conditions,No unusual conditions,Stopped,Proceeding Straight,Rear End,Not Available,None Apparent,,,,,,
UATC_051717.pdf,"UATC, LLC","UATC, LLC",05/17/2017,12:55 PM,2017,Volvo,XC91,Noe St & 22nd Street,San Francisco,San Francisco,CA,94114,No,Yes,No,No,No,2,Minor,Yes,Yes,Not Available,Not Available,Yes,Not Available,Not Available,Not Available,Not Available,Not Available,Not Available,Not Available,Not Available,Not Available,Not Available,Not Available,Not Available,Not Available,Not Available,Not Available,Not Available,Not Available,Not Available,Not Available,Not Available,Not Available,Not Available,Not Available,Not Available,Not Available,Toyota Rav4 EV,2014,Yes,No,No,No,No,Not Available,Not Available,2,Conventional Mode,"AnUberVolvoXC90registeredundertheDMVtestingprogram(""Vehicle 1"")approached andcametoacompletestopatastopsign heading north on Noe Street at 22nd Street in San Francisco . After Vehicle 1 made a complete stop, Vehicle 2 was on approac h from behind Vehiclelandrear-endedthestationaryVehicle lbeforeVehicle 1wasabletoproceedthroughtheintersection.",Clear,Clear,Daylight,Daylight,Dry,Dry,No unusual conditions,No unusual conditions,Stopped,Proceeding Straight,Rear End,Not Available,None Apparent,,,,,,
UATC_081617.pdf,"UATC, LLC","UATC, LLC",08/16/2017,2:55 PM,2017,Volvo,XC92,"Geary Blvd. & 3rd Ave.,",San Francisco,San Francisco,CA,94118,No,Yes,No,No,No,2,Not Available,Not Available,Not Available,Not Available,Not Available,Not Available,Not Available,Not Available,Not Available,Not Available,Not Available,Not Available,Not Available,Not Available,Not Available,Not Available,Not Available,Not Available,Not Available,Not Available,Not Available,Not Available,Not Available,Not Available,Not Available,Not Available,Not Available,Not Available,Not Available,Not Available,Not Available,Toyota Tacoma,2017,Yes,No,No,No,No,Minordamage to Volvorear halch and bumper.,Not Available,2,Conventional Mode,"An UberVolvoXC90registeredundertheDMV testingprogram(""UberSOY"")waseastboundonGeary Blvdpreparingtomakearightturnonto3rdAve. Thevehicleoperatordisengagedthecombined
advanced driver assist systems on the vehicle to wait for pedestrians before making a right tum onto 3rd Ave. WhiletheUberSDVwasstopped,aToyotaTacomaimpactedtherearoftheUberSDV. Tiie collision caused minor damage lo the vehicle's rear hatch and bumper and scuffed the Tacoma's bumper. No injuries were reported onsite. Police were not called. TheUber SDV co-pilot later reported wrist discomfort.",,,,,,,,,,,,,,,,,,,
waymo_012022-p.pdf,Waymo LLC,Waymo LLC,01/20/2022,8:36 PM,2021,Jaguar,I-Pace,Sunset Boulevard and Judah Street,San Francisco,San Francisco,CA,94122,Yes,No,No,No,No,2,Minor,Yes,Yes,No,No,Yes,No,No,No,No,No,No,No,No,No,No,No,No,No,No,No,No,No,No,No,No,No,No,No,No,No,Chevrolet,Not Available,Yes,No,No,No,No,Only for Old Reports,Only for Old Reports,2,Conventional Mode,"On January 20, 2022 at 8:36 PM PST a Waymo Autonomous Vehicle (“Waymo AV”) operating in San Francisco, California was in a collision involving a passenger vehicle on Sunset Boulevard and Judah Street.

While proceeding straight on northbound Sunset Boulevard in manual mode, the operator of the Waymo AV slowed the vehicle while approaching stopped traffic at the Judah Street intersection. A passenger vehicle approached from behind and made contact with the rear of the Waymo AV, then immediately left the scene of the collision. At the time of the impact, the Waymo AV’s Level 4 ADS was not engaged and a test driver was operating the Waymo AV in manual mode. The Waymo AV sustained minor damage.",Fog/Visibility,Fog/Visibility,Dark w Street-lights,Dark w Street-lights,Dry,Dry,No unusual conditions,No unusual conditions,Slowing/Stopping,Proceeding Straight,Other,Rear End,None Apparent,,,,,,
waymo_012022.pdf,Waymo LLC,Waymo LLC,1/20/2022,2:24 PM,2021,Jaguar,I-Pace,Polk Street at Sacramento Street,San Francisco,San Francisco,CA,94109,No,Yes,No,No,No,2,Minor,No,No,No,No,Yes,No,No,No,No,No,No,No,No,No,No,No,No,No,No,No,No,No,No,No,No,No,No,No,No,No,Nissan Rogue,2020,Yes,No,No,No,No,Only for Old Reports,Only for Old Reports,2,Autonomous Mode,"On January 20, 2022 at 2:24 PM PST a Waymo Autonomous Vehicle (“Waymo AV”) operating in San Francisco, California was in a collision involving a passenger vehicle on Polk Street at Sacramento Street.
The Waymo AV was stopped at a red light facing north on Polk Street in autonomous mode at the Sacramento Street intersection. The light turned green and the Waymo AV proceeded partially into the intersection, yielding to pedestrians in the left crosswalk while preparing to make a left turn. A passenger vehicle parked behind the Waymo AV on the right shoulder of Sacramento street pulled out of the shoulder and made contact with the right side of the rear of the Waymo AV. At the time of the impact, the Waymo AV’s Level 4 ADS was engaged in autonomous mode, and a test driver was present. The Waymo AV sustained minor damage.",Clear,Clear,Daylight,Daylight,Dry,Dry,No unusual conditions,No unusual conditions,Stopped,Entrering Traffic,Other,Rear End,None Apparent,,,,,,
waymo_012223.pdf,Waymo LLC,Waymo LLC,01/22/2023,5:08 PM,2021,Jaguar,I-Pace,Bayshore Boulevard at Jerrold Avenue,San Francisco,San Francisco,CA,94124,Yes,No,No,No,No,2,Moderate,No,Yes,No,No,No,No,No,No,No,No,No,No,No,No,No,No,No,No,No,No,No,No,No,No,No,No,No,No,No,No,Toyota Corolla,Not Available,Yes,No,No,No,No,Only for Old Reports,Only for Old Reports,2,Autonomous Mode,"On January 22, 2023 at 5:08 PM PST a Waymo Autonomous Vehicle (“Waymo AV”) operating in San Francisco, California was in a collision involving a passenger vehicle on Bayshore Boulevard at Jerrold Avenue.

The Waymo AV was traveling north on Bayshore Boulevard when, upon entering the intersection at Jerrold Avenue, a passenger vehicle which had previously been stopped at a red light, proceeded through the red light. The passenger vehicle approached from the left and made contact with the left rear bumper of the Waymo AV. The other vehicle immediately left the scene of the collision. At the time of the impact, the Waymo AV’s Level 4 ADS was engaged in autonomous mode, and a test driver was present (in the driver’s seating position). Both vehicles sustained damage.",Clear,Clear,Daylight,Daylight,Dry,Dry,No unusual conditions,No unusual conditions,Proceeding Straight,Proceeding Straight,Other,Broadside,None Apparent,,,,,,
waymo_021523.pdf,Waymo LLC,Waymo LLC,02/15/2023,5:44 AM,2021,Jaguar,I-PACE,North Point Street at Buchanan Street,San Francisco,San Francisco,CA,94123,Yes,No,No,No,No,1,Minor,No,No,No,No,No,No,No,No,No,No,No,No,No,No,No,No,No,No,No,No,No,No,No,No,No,No,No,No,No,Yes,Not Available,Not Available,No,No,No,No,No,Only for Old Reports,Only for Old Reports,Not Applicable,Autonomous Mode,"On February 15, 2023 at 5:43 AM PST a Waymo Autonomous Vehicle (“Waymo AV”) operating in San Francisco, California was in a collision involving road debris on North Point Street at Buchanan Street.
The Waymo AV was proceeding East on North Point Street through the intersection with Buchanan Street when the front of the Waymo AV made contact with cardboard debris. At the time of the impact, the Waymo AV’s Level 4 ADS was engaged in autonomous mode. The Waymo AV sustained damage.",Clear,Wind,Dark w Street-lights,Dark w Non-functioning Street-lights,Dry,Slippery,No unusual conditions,No unusual conditions,Proceeding Straight,Other,Hit Object,Other,None Apparent,,,,,,
waymo_022423.pdf,Waymo LLC,Waymo LLC,02/24/2023,12:15 AM,2021,Jaguar,I-Pace,Toland Street at Hudson Avenue,San Francisco,San Francisco,CA,94124,Yes,No,No,No,No,2,Minor,No,No,No,No,No,No,No,Yes,No,Yes,No,No,No,No,No,Yes,No,Yes,No,No,No,No,No,Yes,No,No,No,No,No,No,Toyota Prius,2005,Yes,No,No,No,No,Only for Old Reports,Only for Old Reports,2,Autonomous Mode,"On February 24, 2023 at 12:15 AM PST a Waymo Autonomous Vehicle (“Waymo AV”) operating in San Francisco, California was in a collision involving a passenger vehicle on Toland Street at Hudson Avenue.
The Waymo AV was traveling southwest on Toland Street in autonomous mode. While the Waymo AV was making a left turn onto Hudson Avenue, a passenger vehicle proceeded into the intersection from the left and made contact with the left side of the Waymo AV. The other vehicle immediately left the scene. At the time of the impact, the Waymo AV’s Level 4 ADS was engaged in autonomous mode. Both vehicles sustained damage.",Raining,Raining,Dark w Street-lights,Dark w Street-lights,Wet,Wet,No unusual conditions,No unusual conditions,Making Left Turn,Making Left Turn,Other,Broadside,None Apparent,,,,,,
waymo_022523_1.pdf,Waymo LLC,Waymo LLC,02/25/2023,7:23 AM,2021,Jaguar,I-PACE,Noe Street at 25th Street,San Francisco,San Francisco,CA,94114,No,Yes,No,No,No,2,Minor,No,No,Yes,No,No,No,No,No,No,No,No,No,No,No,No,No,No,No,No,No,No,No,No,No,No,No,No,No,No,No,Not Available,Not Available,Yes,No,No,No,No,Only for Old Reports,Only for Old Reports,2,Autonomous Mode,"On February 25th, 2023 at 7:23 AM PST a Waymo Autonomous Vehicle (“Waymo AV”) operating in San Francisco, California was in a collision involving a heavy truck on 25th Street at Noe Street. 

The Waymo AV was proceeding East on 25th Street near the intersection with Noe Street when it came to a stop to yield to a heavy truck traveling West on 25th Street. As the heavy truck moved past the Waymo AV, the front left tire of the heavy truck made contact with the rear left sensor of the Waymo AV. The heavy truck then left the scene. At the time of the impact, the Waymo AV’s Level 4 ADS was engaged in autonomous mode. The Waymo AV sustained damage.",Clear,Clear,Daylight,Daylight,Slippery,Slippery,No unusual conditions,No unusual conditions,Stopped,Xing into opposing lane,Side Swipe,Other,None Apparent,,,,,,
waymo_022523_2.pdf,Waymo LLC,Waymo LLC,02/25/2023,9:45 AM,2021,Jaguar,I-PACE,350 Pacific Ave,San Francisco,San Francisco,CA,94111,Yes,No,No,No,No,2,Minor,No,No,No,No,No,No,Yes,No,No,No,No,No,Yes,No,No,No,No,No,No,No,No,No,No,No,No,No,No,No,No,No,Not Available,Not Available,No,Yes,No,No,No,Only for Old Reports,Only for Old Reports,2,Conventional Mode,"On February 25th, 2023 at 9:45 AM/PM PST a Waymo Autonomous Vehicle (“Waymo AV”) operating in San Francisco, California was in a collision involving a heavy truck on Pacific Avenue at Sansome Street.

The Waymo AV was making a right turn to travel west on Pacific Avenue. As the Waymo AV turned, the rear right tire of the Waymo AV made contact with the lowered loading lift of a heavy truck parked partially across the parking lot entrance. At the time of the impact, the Waymo AV’s Level 4 ADS was not engaged and a test driver was operating the Waymo AV in manual mode. The Waymo AV sustained damage.",Clear,Clear,Daylight,Daylight,Dry,Dry,No unusual conditions,No unusual conditions,Entrering Traffic,Stopped,Side Swipe,Other,None Apparent,,,,,,
waymo_030123.pdf,Waymo LLC,Waymo LLC,03/01/2023,8:27 PM,2021,Jaguar,I-PACE,8077 O'Farrell Street,San Francisco,San Francisco,CA,94118,Yes,No,No,No,No,1,None,No,No,No,No,No,No,No,No,No,No,No,No,No,No,No,No,No,No,No,No,No,No,No,No,No,No,No,No,No,No,Not Available,Not Available,No,No,No,No,No,Only for Old Reports,Only for Old Reports,Not Applicable,Autonomous Mode,"On March 1, 2023 at 8:27 PM PST a Waymo Autonomous Vehicle (“Waymo AV”) operating in San Francisco was in a collision involving a fixed object on O’Farrell Street near Anzavista Avenue.

As the Waymo AV was leaving a parking lot to turn left onto O’Farrell Street, the front of the Waymo AV made contact with a chain that was connected between a parking lot road sign and a temporary pole. At the time of the impact, the Waymo AV’s Level 4 ADS was engaged in autonomous mode. The road sign fell down due to tension on the chain.",Clear,Wind,Dark w Street-lights,Dark w Non-functioning Street-lights,Dry,Slippery,No unusual conditions,No unusual conditions,Entrering Traffic,Other,Head-On,Other,None Apparent,,,,,,
waymo_031223.pdf,Waymo LLC,Waymo LLC,03/12/2023,9:28 PM,2021,Jaguar,I-Pace,Cesar Chavez Street at Mission Street,San Francisco,San Francisco,CA,94110,No,Yes,No,No,No,2,None,No,No,No,No,No,No,No,No,No,No,No,No,No,No,No,No,No,No,No,No,No,No,No,No,No,No,No,No,No,No,Toyota Carolla SE,2012,Yes,No,No,No,No,Only for Old Reports,Only for Old Reports,2,Autonomous Mode,"On March 12, 2023 at 9:28 PM PST a Waymo Autonomous Vehicle (“Waymo AV”) operating in San Francisco, California was in a collision involving a passenger car on Cesar Chavez Street at Mission Street.

The Waymo AV was stopped in the dedicated left turn lane facing west on Cesar Chavez Street, awaiting a green signal to turn onto Mission Street. The signal for traffic proceeding west on Cesar Chavez Street turned green, and traffic in adjacent lanes began moving. The left turn arrow signal for the dedicated turn lane occupied by the Waymo AV remained red. The passenger car that had been stopped directly behind the Waymo AV began moving forward. The front of the passenger car made contact with the rear of the Waymo AV.

At the time of the impact, the Waymo AV’s Level 4 ADS was engaged in autonomous mode, and a test driver was present (in the driver’s seating position). The passenger car sustained minor damage.",Raining,Raining,Dark w Street-lights,Dark w Street-lights,Wet,Wet,No unusual conditions,No unusual conditions,Stopped,Proceeding Straight,Other,Rear End,None Apparent,,,,,,
waymo_031623_1.pdf,Waymo LLC,Waymo LLC,03/16/2023,2:19 AM,2021,Jaguar,I-Pace,"Exit Ramp 43A, Interstate 280",San Bruno,San Mateo,CA,94066,Yes,No,No,No,No,1,Minor,No,No,No,No,No,No,No,No,No,No,No,No,Yes,No,No,No,No,No,No,No,No,No,No,No,No,No,No,No,No,No,Not Available,Not Available,No,No,No,No,No,Only for Old Reports,Only for Old Reports,Not Applicable,Autonomous Mode,"On March 16, 2023 at 2:19 AM PST a Waymo Autonomous Vehicle (“Waymo AV”) operating in San Bruno, CA was in a collision involving road debris on Interstate 280 at the interchange ramp for Interstate 380 (Exit 43A). 

The Waymo AV was traveling south on Interstate 280 in the rightmost exit lane for Exit 43A towards Interstate 380 when it made contact with road debris (tire scrap). At the time of the impact, the Waymo AV’s Level 4 ADS was (engaged in autonomous mode, and a test driver was present (in the driver’s seating position). The Waymo AV sustained damage.",Clear,Wind,Dark w Street-lights,Dark w Non-functioning Street-lights,Dry,Slippery,No unusual conditions,No unusual conditions,Proceeding Straight,Other,Hit Object,Other,None Apparent,,,,,,
waymo_031623_2.pdf,Waymo LLC,Waymo LLC,03/16/2023,5:10 PM,2021,Jaguar,I-Pace,367 Bayshore Boulevard,San Francisco,San Francisco,CA,94124,Yes,No,No,No,No,2,Minor,No,No,No,No,No,No,No,No,No,No,No,No,No,No,No,No,No,No,No,No,No,No,No,No,No,No,No,No,No,Yes,Tesla Model S,2015,No,Yes,No,No,No,Only for Old Reports,Only for Old Reports,2,Conventional Mode,"On March 16, 2023 at 5:10 PM PST a Waymo Autonomous Vehicle (“Waymo AV”) operating in San Francisco, California was in a collision involving a passenger car on Bayshore Boulevard between Flower Street and Cortland Avenue. The Waymo AV was traveling north on Bayshore Boulevard in autonomous mode, merging into the rightmost lane. As the Waymo AV merged, the test driver transitioned from autonomous mode to manual mode and began accelerating. The front of the Waymo AV made contact with the rear of a passenger car that was stopped in the rightmost lane. At the time of the impact, the Waymo AV’s Level 4 ADS was not engaged and a test driver was operating the Waymo AV in manual mode. Both the Waymo AV and the passenger car sustained damage.",Clear,Clear,Daylight,Daylight,Dry,Dry,No unusual conditions,No unusual conditions,Changing Lanes,Stopped,Other,Other,None Apparent,,,,,,
waymo_032023_1.pdf,Waymo LLC,Waymo LLC,3/20/2023,10:43 AM,2021,Jaguar,I-Pace,Venice Boulevard and La Cienega,Los Angeles,Los Angeles,CA,90034,No,Yes,No,No,No,2,Minor,No,No,No,No,Yes,No,No,No,No,No,No,No,No,No,No,No,No,No,No,No,No,No,No,No,No,No,No,No,No,No,Honda CR-V,2021,Yes,No,No,No,No,Only for Old Reports,Only for Old Reports,2,Autonomous Mode,"On March 20, 2023 at 10:43 AM PST a Waymo Autonomous Vehicle (“Waymo AV”) operating in Los Angeles, California was in a collision involving an SUV on Venice Boulevard at La Cienega.
The Waymo AV was stopped in the center lane of a three-lane road behind a passenger vehicle for a red light facing southwest on Venice Boulevard at La Cienega in autonomous mode. The light turned green while cross-traffic remained backed up in the intersection. The Waymo AV nudged forward and slowed to a stop, yielding for the blocking cross traffic. A passenger vehicle that had been stopped behind the Waymo AV proceeded forward and made contact with the rear of the Waymo AV. At the time of the impact, the Waymo AV’s Level 4 ADS was engaged in autonomous mode, and a test driver was present (in the driver’s seating position). The Waymo AV sustained damage.",Cloudy,Cloudy,Daylight,Daylight,Dry,Dry,No unusual conditions,No unusual conditions,Stopped,Proceeding Straight,Other,Rear End,None Apparent,,,,,,
waymo_032023_2.pdf,Waymo LLC,Waymo LLC,3/20/2023,8:04 PM,2021,Jaguar,I-Pace,Bayshore Boulevard near Jerrold Avenue,San Francisco,San Francisco,CA,94124,Yes,No,No,No,No,1,Minor,No,No,No,No,No,No,No,No,No,No,No,No,Yes,No,No,No,No,No,No,No,No,No,No,No,No,No,No,No,No,No,Not Available,Not Available,No,No,No,No,No,Only for Old Reports,Only for Old Reports,Not Applicable,Autonomous Mode,"On March 20, 2023 at approximately 8:04 PM PST a Waymo Autonomous Vehicle (“Waymo AV”) operating in San Francisco, California was in a collision involving a pothole on Bayshore Boulevard near Jerrold Avenue. The Waymo AV was traveling in the second lane on a four-lane section of northbound Bayshore Boulevard when the passenger side rear tire made contact with a pothole. The tire began to deflate and the Waymo AV pulled over on a side street. At the time of impact, the Waymo AV’s Level 4 ADS was engaged in autonomous mode.",Clear,Wind,Dark w Street-lights,Dark w Non-functioning Street-lights,Dry,Slippery,"Holes,Deep Rut",No unusual conditions,Proceeding Straight,Other,Other,Other,None Apparent,,,,,,