File ID,Vehicle 1 Manufacturer,Vehicle 1 Business Name,Date,Time,Vehicle 1 Year of Manufacturing,Vehicle 1 Make,Vehicle 1 Model,Location of Accident,City of Accident,County of Accident,State of Accident,ZIPCODE of Accident,Vehicle 1 was Moving,Vehicle 1 was Stopped in Traffic,Pedestrian Involved in Accident (w V1),Bicyclist involved in Accident (w V1),Any other involved entity (w V1),Number of Vehicles involved in Accident (w V1),Vehicle Damage,RB,LR1,LR2,LR3,RR1,RR2,RR3,LRP1,LRP2,LRP3,LRP4,RRP1,RRP2,RRP3,RRP4,FDS1,FDS2,FDS3,FDS4,FPS1,FPS2,FPS3,FPS4,LFC1,LFC2,LFC3,RFC1,RFC2,RFC3,FB,Vehicle 2 Model,Vehicle 2 Year of Manufacturing,Vehicle 2 was Moving,Vehicle 2 was Stopped in Traffic,Pedestrian Involved in Accident (w V2),Bicyclist involved in Accident (w V2),Any other involved entity (w V2),Property Damage,Property Owner's Details,Number of Vehicles involved in Accident (w V2),Car Mode,Description,Weather Vehicle 1,Weather Vehicle 2,Lighting Vehicle 1,Lighting Vehicle 2,Roadway Surface Vehicle 1,Roadway Surface Vehicle 2,Roadway Conditions Vehicle 1,Roadway Conditions Vehicle 2,Movement Preceding Collision Vehicle 1,Movement Preceding Collision Vehicle 2,Type of Collison Vehicle 1,Type of Collison Vehicle 2,Other Factors,Lat1,Lng1,Lat2,Lng2,Lat3,Lng3
waymo_071123.pdf,Waymo LLC,Waymo LLC,07/11/2023,10:13 AM,2021,Jaguar,I-Pace,Martin Ave at Mullin Ave,San Francisco,San Francisco,CA,94110,Yes,No,No,No,No,2,Minor,No,No,No,No,No,No,No,No,No,No,No,No,No,No,No,No,No,No,No,No,No,No,No,Yes,No,Yes,No,No,No,No,GMC Envoy,2011,No,Yes,No,No,No,Only for Old Reports,Only for Old Reports,2,Conventional Mode,"On July 11, 2023 at 10:13 AM PT a Waymo Autonomous Vehicle (“Waymo AV”) operating in San Francisco, California was in a collision involving a passenger vehicle on Martin Avenue at Mullen Avenue.

While completing a right turn from Martin Avenue onto Mullen Avenue in autonomous mode, the Waymo AV slowed to a stop while entering a narrow roadway. As the Waymo AV started to slowly proceed forward, the test driver transitioned the vehicle to manual mode and proceeded forward, making contact with a parked passenger vehicle. At the time of the impact, the Waymo AV’s Level 4 ADS was not engaged and a test driver was operating the Waymo AV in manual mode. Both vehicles sustained damage.",Clear,Clear,Daylight,Daylight,Dry,Dry,No unusual conditions,No unusual conditions,Making Right Turn,Parking,Side Swipe,Other,None Apparent,,,,,,
Waymo_071918.pdf,Waymo LLC,Waymo LLC,07/19/2018,4:03 PM,2017,Chrysler,Pacifica,West Middlefield Rd,Mountain View,Santa Clara,CA,94041,No,Yes,No,No,No,2,Minor,Yes,Not Available,Not Available,Not Available,Not Available,Not Available,Not Available,Not Available,Not Available,Not Available,Not Available,Not Available,Not Available,Not Available,Not Available,Not Available,Not Available,Not Available,Not Available,Not Available,Not Available,Not Available,Not Available,Not Available,Not Available,Not Available,Not Available,Not Available,Not Available,Not Available,Toyota Highlander,2011,Yes,No,No,No,No,Not Available,Not Available,2,Autonomous Mode,"A Waymo autonomous vehicle (""Waymo AV"") was in autonomous mode at a red traffic light on West Middlefield Road at Rengstorff
Avenue. The Waymo AV was yielding to cross traffic coming from the left when a vehicle from behind approached and made contact with
the rear of the Way mo AV.",Clear,Clear,Daylight,Daylight,Dry,Dry,No unusual conditions,No unusual conditions,Stopped,Slowing/Stopping`,Rear End,Not Available,None Apparent,Vehicle 3 was changing lanes and side swipe,,,,,
waymo_07212023.pdf,Waymo LLC,Waymo LLC,07/21/2023,9:51 AM,2021,Jaguar,I-Pace,Leavenworth Street at Golden Gate Avenue,San Francisco,San Francisco,CA,94102,No,Yes,No,No,No,2,None,No,No,No,No,No,No,No,No,No,No,No,No,No,No,No,No,No,No,No,No,No,No,No,No,No,No,No,No,No,No,Ford Contour 24v,Not Available,Yes,No,No,No,No,Only for Old Reports,Only for Old Reports,2,Autonomous Mode,"On July 21, 2023 at 9:51 AM PT a Waymo Autonomous Vehicle (“Waymo AV”) operating in San Francisco, California was in a collision involving a passenger car on Leavenworth Street at Golden Gate Avenue. The collision occurred while the Waymo AV was stopped in the leftmost lane of a two-lane, one-way road at the intersection of Leavenworth Street at Golden Gate Avenue. The Waymo AV was stopped before the intersection, yielding to blocking cross-traffic when the light turned yellow. At that point, a passenger car that had been stopped behind the Waymo AV passed the Waymo AV on the left and proceeded into the intersection. While passing the Waymo AV, the passenger car’s rear passenger side door made contact with the driver side rear of the Waymo AV. At the time of the impact, the Waymo AV’s Level 4 ADS was engaged in autonomous mode. The passenger car did not stop but appears to have sustained damage.",Clear,Clear,Daylight,Daylight,Dry,Dry,No unusual conditions,No unusual conditions,Stopped,Passing other Vehicle,Other,Rear End,None Apparent,,,,,,
waymo_07222023.pdf,Waymo LLC,Waymo LLC,07/22/2023,11:11 AM,2021,Jaguar,I-Pace,13th Street east of Folsom Street,San Francisco,San Francisco,CA,94103,Yes,No,No,No,No,2,None,No,No,No,No,No,No,No,No,No,No,No,No,No,No,No,No,No,No,No,No,No,No,No,No,No,No,No,No,No,No,Kia EV6,Not Available,No,Yes,No,No,No,Only for Old Reports,Only for Old Reports,2,Autonomous Mode,"On July 22, 2023 at 11:11 AM PT a Waymo Autonomous Vehicle (“Waymo AV”) operating in San Francisco, California was in a collision involving a passenger vehicle on 13th Street east of Folsom Street.
The Waymo AV was facing east while stopped just left of the right turn lane on 13th Street, with stopped traffic to the right. After waiting to merge, the Waymo AV reversed slightly to reroute and while doing so, a sensor on the right front of the Waymo AV made contact with the left rear side of a vehicle in the right turn lane. At the time of the impact, the Waymo AV’s Level 4 ADS was engaged in autonomous mode. The other vehicle sustained damage.",Clear,Clear,Daylight,Daylight,Dry,Dry,No unusual conditions,No unusual conditions,Backing,Stopped,Side Swipe,Other,None Apparent,,,,,,
Waymo_072318.pdf,Waymo LLC,Waymo LLC,07/23/2018,16:52,2017,Chrysler,Pacifica,Vicente Drive,Sunnyvale,Santa Clara,CA,94086,Yes,No,No,No,No,2,Minor,Not Available,Not Available,Not Available,Not Available,Not Available,Not Available,Not Available,Not Available,Not Available,Not Available,Not Available,Not Available,Not Available,Not Available,Not Available,Not Available,Not Available,Not Available,Not Available,Not Available,Not Available,Not Available,Not Available,Not Available,Not Available,Not Available,Not Available,Not Available,Yes,Not Available,Corolla,2016,No,Yes,No,No,No,Not Available,Not Available,2,Conventional Mode,"A Waymo autonomous vehicle (""Waymo AV"") was being driven in manual at about 3 mph when it made contact with the rear bumper of
the vehicle preceding it on Vicente Road. Both vehicles were attempting to make a right turn onto Bernardo Ave. There were no injuries
reported at the scene.",Clear,Clear,Daylight,Daylight,Dry,Dry,No unusual conditions,No unusual conditions,Slowing/Stopping,Stopped,Not Available,Rear End,None Apparent,,,,,,
waymo_07252023.pdf,Waymo LLC,Waymo LLC,07/25/2023,3:04 PM,2021,Jaguar,I-Pace,Harrison Street at 2nd Street,San Francisco,San Francisco,CA,94107,Yes,No,No,No,No,2,Minor,No,No,Yes,No,No,No,No,No,No,No,No,No,No,No,No,No,No,No,No,No,No,No,No,No,No,No,No,No,No,No,Not Available,Not Available,Yes,No,No,No,No,Only for Old Reports,Only for Old Reports,2,Autonomous Mode,"On July 25, 2023 at 3:04 PM PT a Waymo Autonomous Vehicle (“Waymo AV”) operating in San Francisco, California was in a collision involving a pickup truck on Harrison Street at 2nd Street. The Waymo AV was parallel parked along the curb on eastbound Harrison Street at 2nd Street when it began to pull away from the curb and into traffic. As the Waymo AV pulled away from the curb, a pickup truck that was traveling behind the Waymo AV then made contact with the rear of the Waymo AV. At the time of the impact, the Waymo AV’s Level 4 ADS was engaged in autonomous mode, and a test driver was present (in the driver’s seating position). Both vehicles sustained damage.",Clear,Clear,Daylight,Daylight,Dry,Dry,No unusual conditions,No unusual conditions,Entrering Traffic,Proceeding Straight,Other,Rear End,None Apparent,,,,,,
Waymo_072618.pdf,Waymo LLC,Waymo LLC,07/26/2018,2:47 PM,2017,Chrysler,Pacifica,NB Central Expressway at Shoreline,Mountain View,Santa Clara,CA,94043,Yes,No,No,No,No,2,Minor,Yes,Not Available,Not Available,Not Available,Not Available,Not Available,Not Available,Not Available,Not Available,Not Available,Not Available,Not Available,Not Available,Not Available,Not Available,Not Available,Not Available,Not Available,Not Available,Not Available,Not Available,Not Available,Not Available,Not Available,Not Available,Not Available,Not Available,Not Available,Not Available,Not Available,Mazda 5,2010,Yes,No,No,No,No,Not Available,Not Available,2,Autonomous Mode,"A Waymo autonomous vehicle (""Waymo AV"") was rear-ended while stopping for a red light in autonomous mode at the intersection of
northbound Central Expressway and Shoreline in Mountain View, CA. There were no injuries.",Clear,Clear,Daylight,Daylight,Dry,Dry,No unusual conditions,No unusual conditions,Slowing/Stopping,Proceeding Straight,Rear End,Not Available,None Apparent,,,,,,
waymo_07292023.pdf,Waymo LLC,Waymo LLC,07/29/2023,2:57 PM,2021,Jaguar,I-Pace,Colorado Avenue near Ocean Avenue,Santa Monica,Los Angeles,CA,90401,No,Yes,No,Yes,No,1,Minor,No,No,No,No,No,No,No,No,No,No,No,No,No,No,No,No,No,No,No,No,No,No,No,No,No,No,No,Yes,No,No,Not Available,Not Available,Yes,No,No,Yes,No,Only for Old Reports,Only for Old Reports,1,Autonomous Mode,"On July 29, 2023 at 2:57 PM PT a Waymo Autonomous Vehicle (“Waymo AV”) operating in Santa Monica, California was in a collision involving a cyclist on Colorado Avenue near Ocean Avenue.
The Waymo AV was stopped in traffic on southwestbound Colorado Avenue when a cyclist that had been traveling behind the Waymo AV passed the Waymo AV on the right. As the cyclist passed the Waymo AV, the cyclist made contact with the front passenger side sensor of the Waymo AV. At the time of the impact, the Waymo AV’s Level 4 ADS was engaged in autonomous mode, and a test driver was present (in the driver’s seating position). The Waymo AV sustained damage and the cyclist did not stop, leaving the scene without exchanging information.",Clear,Clear,Daylight,Daylight,Dry,Dry,No unusual conditions,No unusual conditions,Stopped,Proceeding Straight,Other,Side Swipe,None Apparent,,,,,,
waymo_08022023.pdf,Waymo LLC,Waymo LLC,08/02/2023,10:09 PM,2021,Jaguar,I-Pace,Bush Street at Polk Street,San Francisco,San Francisco,CA,94109,No,Yes,No,No,No,2,Minor,No,Yes,No,No,No,No,No,No,No,No,No,No,No,No,No,No,No,No,No,No,No,No,No,No,No,No,No,No,No,No,Subaru Outback 2.5i Limited,2013,Yes,No,No,No,No,Only for Old Reports,Only for Old Reports,2,Autonomous Mode,"On August 2, 2023 at 10:09 PM PT a Waymo Autonomous Vehicle (“Waymo AV”) operating in San Francisco, California was in a collision involving an SUV on Bush Street at Polk Street.
The Waymo AV was stopped at a red light on eastbound Bush Street at Polk Street. Shortly after the traffic light turned green and the Waymo AV began to proceed forward, the Waymo AV slowed to a stop. The SUV that was traveling closely behind the Waymo AV made contact with the rear of the Waymo AV. At the time of the impact, the Waymo AV’s Level 4 ADS was engaged in autonomous mode. Both vehicles sustained damage, and the trailing SUV left the scene without exchanging information. A passenger in the Waymo AV reported injuries.",Clear,Clear,Dark w Street-lights,Dark w Street-lights,Dry,Dry,No unusual conditions,No unusual conditions,Stopped,Proceeding Straight,Other,Rear End,None Apparent,,,,,,
Waymo_080618.pdf,Waymo LLC,Waymo LLC,08/06/2018,2:25,2017,Chrysler,Pacifica,Middlefield Road and Bryson Avenue,Palo Alto,Santa Clara,CA,94306,No,Yes,No,No,No,2,Minor,Yes,Yes,Not Available,Not Available,Yes,Not Available,Not Available,Not Available,Not Available,Not Available,Not Available,Not Available,Not Available,Not Available,Not Available,Not Available,Not Available,Not Available,Not Available,Not Available,Not Available,Not Available,Not Available,Not Available,Not Available,Not Available,Not Available,Not Available,Not Available,Not Available,Jeep Cherokee,1993,Yes,No,No,No,No,Not Available,Not Available,2,Autonomous Mode,"A Waymo autonomous vehicle (""Waymo AV"") in autonomous mode was rear-ended while traveling southeast on Middlefield Road at the
Bryson Avenue intersection in Palo Alto. As the Waymo AV was stopped, the vehicle following it made contact at low speed. There were
minor damages and no injuries reported at the scene by either party.",Clear,Clear,Daylight,Daylight,Dry,Dry,No unusual conditions,No unusual conditions,Stopped,Proceeding Straight,Rear End,Not Available,None Apparent,,,,,,
Waymo_081018.pdf,Waymo LLC,Waymo LLC,08/10/2018,4:07,2017,Chrysler,Pacifica,Central Expwy. and S. Shoreline Blvd.,Mountain View,Santa Clara,CA,94043,Yes,No,No,No,No,2,Minor,Yes,Not Available,Not Available,Not Available,Yes,Not Available,Not Available,Not Available,Not Available,Not Available,Not Available,Not Available,Not Available,Not Available,Not Available,Not Available,Not Available,Not Available,Not Available,Not Available,Not Available,Not Available,Not Available,Not Available,Not Available,Not Available,Not Available,Not Available,Not Available,Not Available,Nissan Armada,2004,Yes,No,No,No,No,Not Available,Not Available,2,Conventional Mode,"A Waymo autonomous vehicle (""Waymo AV"") in manual mode was rear-ended while traveling on the ramp from Central Expressway onto
southbound South Shoreline Boulevard. The Waymo AV driver applied braking before the merge to give way to an approaching vehicle.
The passenger vehicle traveling behind collided with the rear of the Waymo AV. The Waymo AV experienced minor damage, and the other
vehicle experienced minor damage to its front bumper. There were no injuries reported at the scene by either party",Clear,Clear,Daylight,Daylight,Dry,Dry,No unusual conditions,No unusual conditions,Slowing/Stopping,Proceeding Straight,Rear End,Not Available,None Apparent,,,,,,
waymo_08112023.pdf,Waymo LLC,Waymo LLC,8/11/2023,7:38 PM,2021,Jaguar,I-Pace,North Curson Avenue at Waring Avenue,Los Angeles,Los Angeles,CA,90046,Yes,No,No,No,No,1,Minor,No,No,No,No,No,No,No,No,No,No,No,No,No,No,No,No,No,No,No,No,No,No,No,No,No,No,No,No,Yes,No,Not Available,Not Available,No,No,No,No,No,Only for Old Reports,Only for Old Reports,Not Applicable,Conventional Mode,"On August 11, 2023 at 7:38 PM PT a Waymo Autonomous Vehicle (“Waymo AV”) operating in Los Angeles, California was in a collision involving a stationary object on North Curson Avenue at Waring Avenue.
The Waymo AV was pulling over to the right side of the road, when the test driver transitioned to manual mode and made contact with a recycling bin on the right side of the street. At the time of the impact, the Waymo AV’s Level 4 ADS was not engaged and a test driver was operating the Waymo AV in manual mode. The Waymo AV sustained damage.",Clear,Wind,Dusk/Dawn,Dark w Non-functioning Street-lights,Dry,Slippery,No unusual conditions,No unusual conditions,Slowing/Stopping,Other,Hit Object,Other,None Apparent,,,,,,
waymo_08132023.pdf,Waymo LLC,Waymo LLC,08/13/2023,9:01 PM,2021,Jaguar,I-Pace,Howard Street at Fourth Street,San Francisco,San Francisco,CA,94103,Yes,No,No,No,No,2,Minor,No,No,No,No,No,No,No,No,No,No,No,No,No,No,No,No,No,No,No,No,No,No,No,No,No,No,No,Yes,Yes,No,Hyundai Elantra,2013,Yes,No,No,No,No,Only for Old Reports,Only for Old Reports,2,Conventional Mode,"On August 13, 2023 at 9:01 PM a Waymo Autonomous Vehicle (“Waymo AV”) operating in San Francisco, California was in a collision involving a passenger car on Howard Street at Fourth Street.
The Waymo AV was traveling southwestbound on Howard Street in the second lane from the left as it was approaching Fourth Street. As the Waymo AV was proceeding straight through the intersection, the passenger car in the right adjacent lane made a left turn from a straight-only lane onto southeastbound Fourth Street. The rear of the passenger car made contact with the front of the Waymo AV. At the time of the impact, the Waymo AV’s Level 4 ADS was not engaged and a test driver was operating the Waymo AV in manual mode. Both the Waymo AV and the passenger car sustained damage.",Clear,Clear,Dark w Street-lights,Dark w Street-lights,Dry,Dry,No unusual conditions,No unusual conditions,Proceeding Straight,Making Left Turn,Other,Side Swipe,None Apparent,,,,,,
waymo_08172023.pdf,Waymo LLC,Waymo LLC,08/17/2023,1:05 PM,2021,Jaguar,I-Pace,Bayshore Boulevard near Jerrold Avenue,San Francisco,San Francisco,CA,94124,Yes,No,No,No,No,2,Minor,No,No,Yes,No,No,No,No,No,No,No,No,No,No,No,No,No,No,No,No,No,No,No,No,No,No,No,No,No,No,No,Toyota Venza FWD V6,2009,Yes,No,No,No,No,Only for Old Reports,Only for Old Reports,2,Autonomous Mode,"On August 17, 2023 at 1:05 PM PT a Waymo Autonomous Vehicle (“Waymo AV”) operating in San Francisco, California was in a collision involving an SUV on Bayshore Boulevard near Jerrold Avenue. The Waymo AV was traveling northbound on Bayshore Boulevard. As the SUV was passing the Waymo AV to the left, it initiated a right lane change. The front of the SUV made contact with the rear of the Waymo AV. At the time of the impact, the Waymo AV’s Level 4 ADS was engaged in autonomous mode. Both vehicles sustained damage, and the SUV left the scene without exchanging information.",Clear,Clear,Daylight,Daylight,Dry,Dry,No unusual conditions,No unusual conditions,Proceeding Straight,Changing Lanes,Other,Side Swipe,None Apparent,,,,,,
waymo_08192023.pdf,Waymo LLC,Waymo LLC,08/19/2023,4:45 PM,2021,Jaguar,I-Pace,13th Street at Mission Street,San Francisco,San Francisco,CA,94103,No,Yes,No,No,No,2,Minor,Yes,Yes,No,No,Yes,No,No,No,No,No,No,No,No,No,No,No,No,No,No,No,No,No,No,No,No,No,No,No,No,No,Volkswagen Passat,2012,Yes,No,No,No,No,Only for Old Reports,Only for Old Reports,2,Autonomous Mode,"On August 19, 2023 at 4:45 PM PT a Waymo Autonomous Vehicle (“Waymo AV”) operating in San Francisco, California was in a collision involving a passenger car on 13th Street at Mission Street.

The Waymo AV entered the slip lane which connects westbound 13th Street to northbound Mission Street and came to a stop to yield to cross-traffic on Mission Street. As the Waymo AV was stopped, the front of the passenger car which was traveling behind the Waymo AV made contact with the rear of the Waymo AV. At the time of the impact, the Waymo AV’s Level 4 ADS was engaged in autonomous mode, and a test driver was present (in the driver’s seating position). The Waymo AV sustained damage.",Clear,Clear,Daylight,Daylight,Dry,Dry,No unusual conditions,No unusual conditions,Stopped,Proceeding Straight,Other,Rear End,None Apparent,,,,,,
Waymo_082018.pdf,Waymo LLC,Waymo LLC,08/20/2018,8:18,2017,Chrysler,Pacifica,Gretel Lane at Barbara Avenue,Mountain View,Santa Clara,CA,94040,No,Yes,No,No,No,2,Minor,Yes,Yes,Not Available,Not Available,Not Available,Not Available,Not Available,Not Available,Not Available,Not Available,Not Available,Not Available,Not Available,Not Available,Not Available,Not Available,Not Available,Not Available,Not Available,Not Available,Not Available,Not Available,Not Available,Not Available,Not Available,Not Available,Not Available,Not Available,Not Available,Not Available,Ford Escape,2010,No,No,No,No,No,Not Available,Not Available,2,Autonomous Mode,"A Waymo autonomous vehicle (""Waymo AV"") in autonomous mode traveling northbound on Gretel Lane in Mountain View was preparing
to make a right turn when it was rear ended by another vehicle. The Waymo AV was completely stopped; the other vehicle was traveling at
approximately 2 mph at the time of the collision. There was minor damage to both vehicles and no injuries reported at the scene by either
party.",Clear,Clear,Daylight,Daylight,Dry,Dry,No unusual conditions,No unusual conditions,Stopped,Proceeding Straight,Rear End,Not Available,None Apparent,,,,,,
waymo_08202023.pdf,Waymo LLC,Waymo LLC,08/20/2023,5:48 PM,2021,Jaguar,I-Pace,Martin Luther King Jr. Drive at Crossover Drive,San Francisco,San Francisco,CA,94122,No,Yes,No,Yes,No,2,Minor,No,No,No,No,No,No,No,No,No,No,No,No,No,No,No,No,No,Yes,No,No,No,No,No,No,No,No,No,No,No,No,Not Available,Not Available,No,No,No,Yes,No,Only for Old Reports,Only for Old Reports,Not Applicable,Autonomous Mode,"On August 20, 2023 at 5:49 PM PT the mirror of a Waymo Autonomous Vehicle (“Waymo AV”) operating in San Francisco, CA was struck by a cyclist on Martin Luther King Jr. Drive at Crossover Drive.

The Waymo AV was stopped in traffic on eastbound Martin Luther King Jr. Drive at the intersection with Crossover Drive, when a cyclist that had been traveling behind the Waymo AV passed the Waymo AV on the left. As the cyclist passed the Waymo AV, the cyclist made contact with the driver side mirror of the Waymo AV. At the time of the impact, the Waymo AV’s Level 4 ADS was engaged in autonomous mode, and a test driver was present (in the driver’s seating position). The Waymo AV sustained damage and the cyclist did not stop, leaving the scene without exchanging information.",Clear,Clear,Daylight,Daylight,Dry,Dry,No unusual conditions,No unusual conditions,Stopped,Proceeding Straight,Other,Side Swipe,None Apparent,,,,,,
waymo_08232023.pdf,Waymo LLC,Waymo LLC,08/23/2023,9:54 PM,2021,Jaguar,I-Pace,Mason Street at Vandewater Street,San Francisco,San Francisco,CA,94133,No,Yes,No,No,No,2,Minor,No,No,No,No,No,No,No,No,No,No,No,No,No,No,No,No,No,No,No,No,No,No,No,Yes,No,Yes,No,No,No,No,UNKNOWN (LARGE TRUCK),Not Available,Yes,No,No,No,No,Only for Old Reports,Only for Old Reports,Not Applicable,Autonomous Mode,"On August 23, 2023 at 9:54 PM PT a Waymo Autonomous Vehicle (“Waymo AV”) operating in San Francisco, California was in a collision involving a heavy truck on Mason Street at Vandewater Street.

The Waymo AV was traveling northbound on Mason Street when it approached a heavy truck and trailer that was stopped in the adjacent lane on the left side of the street. As the Waymo began to slowly pass the truck, the truck initiated a reversing turn maneuver into a loading bay on the left side of Mason Street. The Waymo AV then came to a stop, and as the Waymo AV was initiating its own reversing maneuver to clear the path for the truck, the right side of the trailer made contact with the front driver’s side corner of the Waymo AV. At the time of the impact, the Waymo AV’s Level 4 ADS was engaged in autonomous mode. The Waymo AV sustained damage.",Clear,Clear,Dark w Street-lights,Dark w Street-lights,Dry,Dry,No unusual conditions,No unusual conditions,Stopped,Backing,Other,Side Swipe,None Apparent,,,,,,
Waymo_082418.pdf,Waymo LLC,Waymo LLC,08/24/2018,1:55 PM,2017,Chrysler,Pacifica,San Antonio,Palo Alto,Santa Clara,CA,94303,No,Yes,No,No,No,2,Minor,Yes,Not Available,Not Available,Not Available,Yes,Not Available,Not Available,Not Available,Not Available,Not Available,Not Available,Not Available,Not Available,Not Available,Not Available,Not Available,Not Available,Not Available,Not Available,Not Available,Not Available,Not Available,Not Available,Not Available,Not Available,Not Available,Not Available,Not Available,Not Available,Not Available,Not Available,Not Available,Yes,No,No,No,No,Not Available,Not Available,2,Autonomous Mode,"A Waymo autonomous vehicle (""Waymo AV"") in autonomous mode traveling southbound on San Antonio in Palo Alto, CA was stopped to
yield to cross traffic when it was rear ended by a vehicle traveling at approximately 5 mph at the time of the collision. There was minor
damage to both vehicles and no injuries reported at the scene by either party.",Clear,Clear,Daylight,Daylight,Dry,Dry,No unusual conditions,No unusual conditions,Stopped,Proceeding Straight,Rear End,Not Available,None Apparent,,,,,,
waymo_08242023.pdf,Waymo LLC,Waymo LLC,08/24/2023,4:39,2021,Jaguar,I-Pace,Michigan Avenue at Euclid Street,Santa Monica,Los Angeles,CA,90404,Yes,No,No,No,No,2,Minor,No,No,No,No,Yes,No,No,No,No,No,No,No,No,No,No,No,No,No,No,No,No,No,No,No,No,No,No,No,No,No,Dodge Charger GT Sedan 4D,Not Available,Yes,No,No,No,No,Only for Old Reports,Only for Old Reports,2,Autonomous Mode,"On August 24, 2023 at 4:39 PM PT a Waymo Autonomous Vehicle (“Waymo AV”) operating in Santa Monica, California was in a collision involving a passenger car on Michigan Avenue at Euclid Street. 

The Waymo AV was traversing a roundabout at the intersection of Michigan Avenue at Euclid Street when it slowed to a stop for other vehicles approaching and in the roundabout. The front of the passenger car that was in the roundabout behind the Waymo AV made contact with the rear of the Waymo AV. Both vehicles sustained damage.",Clear,Clear,Daylight,Daylight,Dry,Dry,No unusual conditions,No unusual conditions,Slowing/Stopping,Other,Other,Rear End,None Apparent,,,,,,
Waymo_082617.pdf,Waymo Auto LLC,Waymo Auto LLC,08/26/2017,8:39 AM,2017,Chrysler,Pacifica,Aima Street and El Vemno Avenu,Palo Alto,Santa Clara,CA,94306,Yes,No,No,No,No,2,Not Available,Not Available,Not Available,Not Available,Not Available,Not Available,Not Available,Not Available,Not Available,Not Available,Not Available,Not Available,Not Available,Not Available,Not Available,Not Available,Not Available,Not Available,Not Available,Not Available,Not Available,Not Available,Not Available,Not Available,Not Available,Not Available,Not Available,Not Available,Not Available,Not Available,Not Available,Odyssey,2006,Yes,No,No,No,No,Not Available,Not Available,2,Autonomous Mode,"A Waymo au_tonornousvehicle (0 Waymo AV11 in manul travelling eas_tboundin the left hme on Alnla Street in Palo Alto was involved in a
)
minor collision. The Waymo AV was in autonomous mode when a vnbicle ahead of it swerved righl to avoid an object in the road. The
driver of the Wayrno AV then disengaged m1d began to change 1a.t1es to the right.to avoid the object. The V:;laymoAVs rear.bumper then scraped the front left bumper of a van proceeding in the adj_acentright lane, The Waymo AV was travelling at approximately21 mph while the other vehicle was travellhig at approximately 26 mph at the time of the cO:Hision,The Waymo AV experienced ml.nordamage to its rear bumper. The other vehicle experienced minor damage to its front bumper, There were no injuries repmted at the scene by either party,",,,,,,,,,,,,,,,,,,,
waymo_09032023.pdf,Waymo LLC,Waymo LLC,09/03/2023,12:25 PM,2021,Jaguar,I-Pace,East 8th Street and South Main Street,Los Angeles,Los Angeles,CA,90014,No,No,No,No,Parked,2,Minor,No,No,No,No,No,No,No,No,No,No,No,No,No,No,No,No,No,Yes,No,No,No,No,No,No,No,No,No,No,No,No,Honda Odyssey,2003,Yes,No,No,No,No,Only for Old Reports,Only for Old Reports,2,Conventional Mode,"On September 3, 2023 at 12:25 PM PT a Waymo Autonomous Vehicle (“Waymo AV”) operating in Los Angeles, California was in a collision involving a passenger car on East 8th Street and South Main Street. The Waymo AV was parked on the right side of East 8th Street when a passenger car approached from the left and made contact with the left side mirror of the Waymo AV. At the time of the impact, the Waymo AV’s Level 4 ADS was not engaged and a test driver was operating the Waymo AV in manual mode. Both vehicles sustained damage.",Clear,Clear,Daylight,Daylight,Dry,Dry,No unusual conditions,No unusual conditions,Parking,Proceeding Straight,Other,Side Swipe,None Apparent,,,,,,
waymo_09112023.pdf,Waymo LLC,Waymo LLC,09/11/2023,8:34 PM,2021,Jaguar,I-Pace,Sansome Street near Vallejo Street,San Francisco,San Francisco,CA,94133,No,Yes,No,No,No,2,Minor,No,Yes,No,No,No,No,No,No,No,No,No,No,No,No,No,No,No,No,No,No,No,No,No,No,No,No,No,No,No,No,Land Rover Range Rover,2012,Yes,No,No,No,No,Only for Old Reports,Only for Old Reports,2,Conventional Mode,"On September 11, 2023 at 8:34 PM PT a Waymo Autonomous Vehicle (“Waymo AV”) operating in San Francisco, California was in a collision involving an SUV on Sansome Street near Vallejo Street. While the Waymo AV was pulled over in the right lane on northbound Sansome Street, an SUV that was passing the parked Waymo AV made contact with the rear driver’s side of the Waymo AV. At the time of the impact, the Waymo AV’s Level 4 ADS was not engaged and a test driver was operating the Waymo AV in manual mode. Both vehicles sustained damage.",Clear,Clear,Dark w Street-lights,Dark w Street-lights,Dry,Dry,No unusual conditions,No unusual conditions,Parking,Proceeding Straight,Other,Side Swipe,None Apparent,,,,,,
Waymo_091418.pdf,Waymo LLC,Waymo LLC,09/14/2018,7:03 PM,2017,Chrysler,Pacifica,Villa St. & Shoreline Blvd.,Mountain View,Santa Clara,CA,94041,No,Yes,No,No,No,2,Minor,Yes,Not Available,Not Available,Not Available,Not Available,Not Available,Not Available,Not Available,Not Available,Not Available,Not Available,Not Available,Not Available,Not Available,Not Available,Not Available,Not Available,Not Available,Not Available,Not Available,Not Available,Not Available,Not Available,Not Available,Not Available,Not Available,Not Available,Not Available,Not Available,Not Available,Nissan Frontier,2004,Yes,No,No,No,No,Not Available,Not Available,2,Autonomous Mode,"A Waymo autonomous vehicle (""Waymo A V"") was stopped in A utonomous mode in the sliplane of V illa St. and Shoreline Blvd. in
Mountain V iew when a passenger vehicle struck the rear of the Waymo AV at low speed. T he Waymo AV sustained minor damage to the
rear bumper, and the passenger vehicle had minor damage to the front bumper. No injuries were reported at the scene.",Clear,Clear,Daylight,Daylight,Dry,Dry,No unusual conditions,No unusual conditions,Stopped,Making Right Turn,Rear End,Not Available,None Apparent,,,,,,