File ID,Vehicle 1 Manufacturer,Vehicle 1 Business Name,Date,Time,Vehicle 1 Year of Manufacturing,Vehicle 1 Make,Vehicle 1 Model,Location of Accident,City of Accident,County of Accident,State of Accident,ZIPCODE of Accident,Vehicle 1 was Moving,Vehicle 1 was Stopped in Traffic,Pedestrian Involved in Accident (w V1),Bicyclist involved in Accident (w V1),Any other involved entity (w V1),Number of Vehicles involved in Accident (w V1),Vehicle Damage,RB,LR1,LR2,LR3,RR1,RR2,RR3,LRP1,LRP2,LRP3,LRP4,RRP1,RRP2,RRP3,RRP4,FDS1,FDS2,FDS3,FDS4,FPS1,FPS2,FPS3,FPS4,LFC1,LFC2,LFC3,RFC1,RFC2,RFC3,FB,Vehicle 2 Model,Vehicle 2 Year of Manufacturing,Vehicle 2 was Moving,Vehicle 2 was Stopped in Traffic,Pedestrian Involved in Accident (w V2),Bicyclist involved in Accident (w V2),Any other involved entity (w V2),Property Damage,Property Owner's Details,Number of Vehicles involved in Accident (w V2),Car Mode,Description,Weather Vehicle 1,Weather Vehicle 2,Lighting Vehicle 1,Lighting Vehicle 2,Roadway Surface Vehicle 1,Roadway Surface Vehicle 2,Roadway Conditions Vehicle 1,Roadway Conditions Vehicle 2,Movement Preceding Collision Vehicle 1,Movement Preceding Collision Vehicle 2,Type of Collison Vehicle 1,Type of Collison Vehicle 2,Other Factors,Lat1,Lng1,Lat2,Lng2,Lat3,Lng3
Waymo_091818.pdf,Waymo LLC,Waymo LLC,09/18/2018,12:21 PM,2017,Chrysler,Pacifica,100 Mayfield Ave,Mountain View,Santa Clara,CA,94043,Yes,No,No,No,No,2,Minor,Not Available,Yes,Not Available,Not Available,Not Available,Not Available,Not Available,Not Available,Not Available,Not Available,Not Available,Not Available,Not Available,Not Available,Not Available,Not Available,Not Available,Not Available,Not Available,Not Available,Not Available,Not Available,Not Available,Not Available,Not Available,Not Available,Not Available,Not Available,Not Available,Not Available,Corolla,2006,Yes,No,No,No,No,Not Available,Not Available,2,Autonomous Mode,"A Waymo autonomous vehicle("" Waymo AV"" ) in autonomous mode was rear ended after entering the parking lot at l 00 Mayfield Ave.
The Waymo AV was yielding for an oncoming vehicle while preparing to make a left turn inside the parking lot. There was minor damage
to both vehicles and no injuries reported at the scene by either party.",Clear,Clear,Daylight,Daylight,Dry,Dry,No unusual conditions,No unusual conditions,Making Left Turn,Proceeding Straight,Rear End,Not Available,None Apparent,,,,,,
Waymo_092418.pdf,Waymo LLC,Waymo LLC,09/24/2018,16:58,2017,Chrysler,Pacifica,North Rengstorff Ave.,Mountain View,Santa Clara,CA,94043,No,Yes,No,No,No,2,Minor,Yes,Not Available,Not Available,Not Available,Not Available,Not Available,Not Available,Not Available,Not Available,Not Available,Not Available,Not Available,Not Available,Not Available,Not Available,Not Available,Not Available,Not Available,Not Available,Not Available,Not Available,Not Available,Not Available,Not Available,Not Available,Not Available,Not Available,Not Available,Not Available,Not Available,Isuzu,Not Available,Yes,No,No,No,No,Not Available,Not Available,2,Autonomous Mode,"A Waymo Autonomous Vehicle (""Waymo AV"") was stopped in autonomous mode at a traffic light at the intersection of Rengstorff Ave.
and Garcia Ave. in Mountain View when a box truck made contact with the rear bumper of the Waymo AV. The Waymo vehicle sustained
minor damage to the rear bumper, and the box truck had minor damage to the front bumper and license plate. No injuries were reported at
the scene.",Clear,Clear,Daylight,Daylight,Dry,Dry,No unusual conditions,No unusual conditions,Stopped,Slowing/Stopping`,Rear End,Not Available,None Apparent,,,,,,
waymo_09302023.pdf,Waymo LLC,Waymo LLC,09/30/2023,9:00 PM,2021,Jaguar,I-Pace,US-101 Exit 429B at Bayshore Blvd,San Francisco,San Francisco,CA,94124,No,Yes,No,No,No,2,Minor,Yes,No,No,No,No,No,No,No,No,No,No,No,No,No,No,No,No,No,No,No,No,No,No,No,No,No,No,No,No,No,Honda LX Sedan 4D,Not Available,Yes,No,No,No,No,Only for Old Reports,Only for Old Reports,2,Autonomous Mode,"On September 20th, 2023 at 9:00 PM PT a Waymo Autonomous Vehicle (“Waymo AV”) operating in San Francisco, California was in a collision involving a passenger car on US-101 exit ramp 429B at the intersection with Bayshore Boulevard.

The Waymo AV was proceeding south on exit ramp 429B in the leftmost lane and entered the slip lane to proceed north on Bayshore Boulevard. As the Waymo AV came to a stop for a red light at the intersection with Bayshore Boulevard, the front of the passenger car which was following behind the Waymo AV made contact with the rear of the Waymo AV. The Waymo AV sustained damage. At the time of the impact, the Waymo AV’s Level 4 ADS was engaged in autonomous mode, and a test driver was present.",Clear,Clear,Dark w Street-lights,Dark w Street-lights,Dry,Dry,No unusual conditions,No unusual conditions,Stopped,Proceeding Straight,Other,Rear End,None Apparent,,,,,,
Waymo_101518.pdf,Waymo LLC,Waymo LLC,10/ 15/2018,9:07 PM,2017,Chrysler,Pacifica,Shoreline Blvd. at El Camino Real,Mountain View,Santa Clara,CA,94040,No,Yes,No,No,No,2,Minor,Yes,Yes,Not Available,Not Available,Not Available,Not Available,Not Available,Not Available,Not Available,Not Available,Not Available,Not Available,Not Available,Not Available,Not Available,Not Available,Not Available,Not Available,Not Available,Not Available,Not Available,Not Available,Not Available,Not Available,Not Available,Not Available,Not Available,Not Available,Not Available,Not Available,Toyota Camry,2017,Yes,No,No,No,No,Not Available,Not Available,2,Autonomous Mode,"A Waymo A utonomous Vehicle (""Waymo AV"") traveling in Autonomous mode southbound on Shoreline Boulevard, in the right hand slip
lane, turning right onto westbound El Camino Real in Mountain View when the Waymo AV came to a stop to yield to approaching traffic
from the left, when it was struck from behind by a passenger vehicle. T he Waymo AV sustained minor damage and the passenger vehicle
had minor damage. T here were no injuries reported at the scene.",Clear,Clear,Dark w Street-lights,Dark w Street-lights,Dry,Dry,No unusual conditions,No unusual conditions,Stopped,Making Right Turn,Rear End,Not Available,None Apparent,,,,,,
Waymo_101918.pdf,Waymo LLC,Waymo LLC,10/19/2018,7:16,2017,Chrysler,Pacifica,"E l Camino Real at Calderon Ave,",Mountain View,Santa Clara,CA,94041,Yes,No,No,No,No,2,Minor,Not Available,Not Available,Not Available,Not Available,Yes,Not Available,Yes,Not Available,Not Available,Not Available,Not Available,Not Available,Not Available,Not Available,Not Available,Not Available,Not Available,Not Available,Not Available,Not Available,Not Available,Not Available,Not Available,Not Available,Not Available,Not Available,Not Available,Not Available,Not Available,Not Available,Honda Rebel,2007,Yes,No,No,No,No,Injured Driver,Not Available,2,Conventional Mode,"A Waymo Autonomous Vehicle (""Waymo AV"") was traveling at approximately 21 MPH westbound in Lane 2 of El Camino Real in
Mountain View in self-driving mode. A passenger vehicle in Lane 1,to the left of the Waymo AV, began to change lanes into Lane 2 to
avoid a box truck blocking two lanes of traffic, Waymo's test driver took manual control of the AV out of an abundance of caution,
disengaged from self-driving mode, and began changing lanes into Lane 3. A motorcycle, traveling at approximately 28 MPH behind the
Waymo AV, had just entered Lane 3 to overtake the Waymo AV on its right. The Waymo AV and motorcycle collided at the Way mo AV's
right rear corner. The motorcyclist reported injuries and was transported to the hospital for treatment. The Waymo AV sustained minor
damage to the rear bumper.",Clear,Clear,Daylight,Daylight,Dry,Dry,No unusual conditions,No unusual conditions,Changing Lanes,Proceeding Straight,Side Swipe,Not Available,CVC SECTIONS Violated No,,,,,,
Waymo_102418.pdf,Waymo LLC,Waymo LLC,10/24/2018,2:31 PM,2017,Chrysler,Pacifica,Shoreline Blvd. at El Camino Real,Mountain View,Santa Clara,CA,94040,No,Yes,No,No,No,2,Moderate,Not Available,Yes,Yes,Not Available,Not Available,Not Available,Not Available,Not Available,Not Available,Not Available,Not Available,Not Available,Not Available,Not Available,Not Available,Not Available,Not Available,Not Available,Not Available,Not Available,Not Available,Not Available,Not Available,Not Available,Not Available,Not Available,Not Available,Not Available,Not Available,Not Available,Nissan Altima,2005,Yes,No,No,No,No,Not Available,Not Available,2,Autonomous Mode,"A Waymo Autonomous Vehicle (""Waymo AV"") in autonomous mode was stopped to check for oncoming traffic while in a slip lane to turn
from Shoreline Boulevard onto El Camino Real in Mountain View when it was rear ended by a passenger vehicle. The Waymo AV
sustained moderate damage to the rear left ofthe vehicle, and the passenger vehicle had moderate damage to the front right ofthe vehicle.
No injuries were reported at the scene.",Clear,Clear,Daylight,Daylight,Dry,Dry,No unusual conditions,No unusual conditions,Stopped,Making Right Turn,Rear End,Not Available,None Apparent,,,,,,
Waymo_110718.pdf,Waymo LLC,Waymo LLC,11/07/2018,11:30 AM,2017,Chrysler,Pacifica,Alma Street at Oregon Expressway,Palo Alto,Santa Clara,CA,94301,No,Yes,No,No,No,2,Minor,Yes,Not Available,Not Available,Not Available,Not Available,Not Available,Not Available,Not Available,Not Available,Not Available,Not Available,Not Available,Not Available,Not Available,Not Available,Not Available,Not Available,Not Available,Not Available,Not Available,Not Available,Not Available,Not Available,Not Available,Not Available,Not Available,Not Available,Not Available,Not Available,Not Available,Toyota Celica,1994,Yes,No,No,No,No,Not Available,Not Available,2,Autonomous Mode,"A Waymo autonomous vehicle (""Waymo AV"") in autonomous mode from southbound Alma Street onto southbound Oregon Expressway in
Palo Alto was stopped and yielding to traffic while waiting to make a right turn at a stop sign when it was rear-ended by a passenger vehicle
traveling at less than 1 MPH. The Waymo AV sustained minor damage to the bumper, and the passenger vehicle had minor damage to its
front bumper. No injuries were reported at the scene.",Clear,Clear,Daylight,Daylight,Dry,Dry,No unusual conditions,No unusual conditions,Stopped,Proceeding Straight,Rear End,Not Available,ENTERING/LEAVING RAMP,,,,,,
Waymo_111418_1.pdf,Waymo LLC,Waymo LLC,11/14/2018,9:20 AM,2017,Chrysler,Pacifica,Rengstorff A venue at Charleston Road,Mountain View,Santa Clara,CA,94043,Yes,No,No,No,No,1,Minor,Not Available,Not Available,Not Available,Not Available,Not Available,Not Available,Not Available,Not Available,Not Available,Not Available,Not Available,Not Available,Not Available,Not Available,Not Available,Not Available,Not Available,Yes,Not Available,Not Available,Not Available,Not Available,Not Available,Not Available,Not Available,Not Available,Not Available,Not Available,Not Available,Not Available,Not Applicable,Not Applicable,No,No,No,No,No,Not Available,Not Available,1,Conventional Mode,"A Waymo Autonomous Vehicle (""Waymo AV"") was traveling in autonomous mode in the leftmost lane of northbound Rengstorff Avenue
approaching Charleston Road in Mountain View when the test driver accidentally disengaged autonomous mode. The Waymo AV then
struck a curb at approximately 28 MPH and the front driver-side tire deflated. No inj uries were reported at the scene.",Clear,Clear,Daylight,Daylight,Dry,Dry,No unusual conditions,No unusual conditions,Proceeding Straight,Not Available,Hit Object,Not Available,None Apparent,,,,,,
Waymo_111418_2.pdf,Waymo LLC,Waymo LLC,11/14/2018,4:30 PM,2017,Chrysler,Pacifica,Alma Street at Oregon Expressway,Palo Alto,Santa Clara,CA,94301,No,Yes,No,No,No,2,Minor,Not Available,Yes,Not Available,Not Available,Not Available,Not Available,Not Available,Not Available,Not Available,Not Available,Not Available,Not Available,Not Available,Not Available,Not Available,Not Available,Not Available,Not Available,Not Available,Not Available,Not Available,Not Available,Not Available,Not Available,Not Available,Not Available,Not Available,Not Available,Not Available,Not Available,Toyota Prius,2005,Yes,No,No,No,No,Not Available,Not Available,2,Autonomous Mode,"A Waymo Autonomous Vehicle (""Waymo AV"") was stopped in autonomous mode on the off-ramp from westbound Alma Street to
southbound Oregon Expressway in Palo Alto when it was rear-ended. The Waymo AV was yielding to cross-traffic when a passenger
vehicle made contact with the Waymo A V 's rear bumpe at approximately 9 MPH. The Waymo AV sustained minor damage to the rear
bumper, and the passenger vehicle had minor damage to the front bumper. No inj uries were reported at the scene.",Cloudy,Cloudy,Dusk/Dawn,Dusk/Dawn,Dry,Dry,No unusual conditions,No unusual conditions,Stopped,Proceeding Straight,Rear End,Not Available,None Apparent,,,,,,
Waymo_111818.pdf,Waymo LLC,Waymo LLC,11/18/2018,12:57 PM,2017,Chrysler,Pacifica,W . Evelyn A venue at Castro Street,Mountain View,Santa Clara,CA,94041,Yes,No,No,No,No,2,Minor,Yes,Yes,Not Available,Not Available,Not Available,Not Available,Not Available,Not Available,Not Available,Not Available,Not Available,Not Available,Not Available,Not Available,Not Available,Not Available,Not Available,Not Available,Not Available,Not Available,Not Available,Not Available,Not Available,Not Available,Not Available,Not Available,Not Available,Not Available,Not Available,Not Available,Volkswagen Jetta,2012,Yes,No,No,No,No,Not Available,Not Available,2,Conventional Mode,"A Waymo Autonomous Vehicle (""Waymo A V"") in manual mode traveling westbound on W. Evelyn Avenue was yielding to traffic while
waiting to make a right tum onto northbound Castro Street in Mountain View when it was rear-ended by a passenger vehicle traveling at
approximately 5 MPH. The Waymo AV sustained minor damage to the bumper, and the passenger vehicle had minor damage to its hood.
No injuries were reported at the scene.",Clear,Clear,Daylight,Daylight,Dry,Dry,No unusual conditions,No unusual conditions,"Making Right Turn, Slowing/Stopping",Making Right Turn,Rear End,Not Available,None Apparent,,,,,,
waymo_112021.pdf,Waymo LLC,Waymo LLC,11/20/2021,11:11 AM,2021,Jaguar,I-Pace,Steiner Street and Post Street,San Francisco,San Francisco,CA,94115,No,Yes,No,No,No,2,Minor,No,Yes,No,No,No,No,No,No,No,No,No,No,No,No,No,No,No,No,No,No,No,No,No,No,No,No,No,No,No,No,Buick Enclave,Not Available,Yes,No,No,No,No,Only for Old Reports,Only for Old Reports,2,Conventional Mode,"On November 20, 2021 at 11:11 AM PST a Waymo Autonomous Vehicle (“Waymo AV”) operating in San Francisco, CA was in a collision involving an SUV on the 1700 block of Steiner Street. 

The Waymo AV was in autonomous mode and traveling northbound on Steiner Street as it crossed the intersection at Post Street. An SUV then turned right from Post Street onto Steiner Street and began closely following the Waymo AV. The Waymo AV test driver then took manual control and stopped the Waymo AV. The SUV then stopped, reversed, and drove around the Waymo AV and made contact with the Waymo AV’s driver side rear fender. At the time of the impact the Waymo AV’s Level 4 ADS was not engaged and a test driver was operating the Waymo AV in manual mode. The Waymo AV sustained minor damage and the SUV left the scene without exchanging information.",Clear,Clear,Daylight,Daylight,Dry,Dry,No unusual conditions,No unusual conditions,Stopped,Xing into opposing lane,Other,Side Swipe,None Apparent,,,,,,
Waymo_112818.pdf,Waymo LLC,Waymo LLC,11/28/2018,3:25,2017,Chrysler,Pacifica,San Antonio Road at Central Expressway,Palo Alto,Santa Clara,CA,94306,No,Yes,No,No,No,2,Minor,Yes,Not Available,Not Available,Not Available,Not Available,Not Available,Not Available,Not Available,Not Available,Not Available,Not Available,Not Available,Not Available,Not Available,Not Available,Not Available,Not Available,Not Available,Not Available,Not Available,Not Available,Not Available,Not Available,Not Available,Not Available,Not Available,Not Available,Not Available,Not Available,Not Available,Hyundai Elantra,2013,Yes,No,No,No,No,Not Available,Not Available,2,Autonomous Mode,"A Waymo Autonomous Vehicle (""Waymo AV"") was in autonomous mode at the merge onto northwest-bound Central Expressway exiting
the ramp from northeast-bound San Antonio Road in Palo Alto when it was rear-ended. The Waymo AV stopped to yield to traffic on
Central Expressway, after which the passenger vehicle immediately behind the Waymo AV struck the Waymo A V's rear bumper at
approximately 2 MPH. The Waymo AV sustained minor damage to its rear bumper, and the other vehicle had no apparent damage. No
injuries were reported at the scene.",Cloudy,Cloudy,Daylight,Daylight,Dry,Dry,No unusual conditions,No unusual conditions,"Stopped, Merging",Proceeding Straight,Rear End,Not Available,None Apparent,,,,,,
Waymo_112918.pdf,Waymo LLC,Waymo LLC,11/29/2018,6:33,2017,Chrysler,Pacifica,Middlefield Road at Oregon Expressway,Palo Alto,Santa Clara,CA,94301,No,No,No,No,No,2,Minor,Not Available,Not Available,Not Available,Not Available,Not Available,Not Available,Not Available,Not Available,Not Available,Not Available,Not Available,Not Available,Not Available,Not Available,Not Available,Not Available,Not Available,Not Available,Not Available,Not Available,Not Available,Not Available,Yes,Not Available,Not Available,Not Available,Not Available,Not Available,Not Available,Not Available,Gillig Low Floor Bus,2001,Yes,No,No,No,No,Not Available,Not Available,2,Autonomous Mode,"This OL3 16 is being submitted as an update to the OL3 16 concerning the collision on 1112912018 and originally signed 1211912018 (listed
on dmv.ca.gov as:
https://www.dmv.ca.gov/portal/wcm/connect/eb71d37f-Od7d-4d05-a268-c6e7db7b0b03/'Waymo_l l 2918.pdf?MOD=AJPERES&CVID=) . .
· A Waymo Autonomous Vehicle (""Waymo AV"") was stopped ih autonomous mode on Middlefield Road at Oregon Expressway in Palo
Alto when a county bus came in contact with the· passenger side mirror, pushing it towards the AV. The Waymo AV was stopped at a red
light, and the bus was ma~ ! 1g a right-on-red in the adjacent right turn lane. The W aymo AV sustained minor damage to the mirror, and the
bus did not stop to exchange information. There were no injuries reported.",Clear,Clear,Daylight,Daylight,Dry,Dry,No unusual conditions,No unusual conditions,Stopped,Making Right Turn,Not Available,Side Swipe,None Apparent,,,,,,
Waymo_120318.pdf,Waymo LLC,Waymo LLC,12/03/2018,10:34 AM,2017,Chrysler,Pacifica,View Street at California Street,Mountain View,Santa Clara,CA,94041,No,No,No,No,No,1,None,Not Available,Not Available,Not Available,Not Available,Not Available,Not Available,Not Available,Not Available,Not Available,Not Available,Not Available,Not Available,Not Available,Not Available,Not Available,Not Available,Not Available,Not Available,Not Available,Not Available,Not Available,Not Available,Not Available,Not Available,Not Available,Not Available,Not Available,Not Available,Not Available,Not Available,Not Available,Not Available,Yes,No,No,Yes,No,Not Available,Not Available,1,Autonomous Mode,"A Waymo Autonomous Vehicle (""Waymo AV"") was traveling in autonomous mode on northbound View Street at California Street in
Mountain View, approaching a four-way intersection with a traffic calming island. After coming to a complete stop at a two-way stop sign,
the Waymo AV determined it was safe to proceed through the intersection and began to do so, when it detected a bicyclist approaching
from the right. The Waymo AV then stopped for the bicyclist, whose front tire made contact with the passenger side of the stationary
Waymo AV at approximately 3 MPH. The bicyclist remained upright and rode away without exchanging information. No injuries or
damage were reported or observed.",Clear,Clear,Daylight,Daylight,Dry,Dry,No unusual conditions,No unusual conditions,Stopped,"Slowing/Stopping, Proceeding Straight",Not Available,Broadside,None Apparent,,,,,,
Waymo_121118.pdf,Waymo LLC,Waymo LLC,12/11/2018,9:18 AM,2017,Chrysler,Pacifica,Alma Street at El Verano Avenue,Palo Alto,Santa Clara,CA,94306,Yes,No,No,No,No,1,Minor,Not Available,Not Available,Not Available,Not Available,Not Available,Not Available,Not Available,Not Available,Not Available,Not Available,Not Available,Not Available,Not Available,Not Available,Not Available,Not Available,Not Available,Not Available,Not Available,Not Available,Not Available,Not Available,Yes,Not Available,Not Available,Not Available,Not Available,Not Available,Not Available,Not Available,Not Available,Not Available,No,No,No,No,No,Not Available,Not Available,1,Conventional Mode,"A Waymo Autonomous Vehicle (""Waymo AV"") was traveling in manual mode on Alma Street at El Verano Avenue in Palo Alto when it
struck a curb. The Waymo AV was traveling at approximately 32 MPH in the number 2 lane heading northbound on Alma Street where the
number 3 lane ends after the intersection of El Verano Avenue. While nudging to avoid a car in the number 1 lane that drifted into the
number 2 lane, the Waymo AV struck the curb at the lane shift and the front passenger tire deflated. No injuries were reported at the scene.",Fog/Visibility,Fog/Visibility,Daylight,Daylight,Dry,Dry,Reduced Roadway Width,Reduced Roadway Width,Proceeding Straight,Not Available,Hit Object,Not Available,None Apparent,,,,,,
waymo_12112021.pdf,Waymo LLC,Waymo LLC,12/11/2021,2:28 AM,2021,Jaguar,I-Pace,1900 Noriega Street,San Francisco,San Francisco,CA,94122,Yes,No,No,No,No,1,Minor,No,No,No,No,No,No,Yes,No,No,No,No,No,No,No,No,No,No,No,No,No,No,No,No,No,No,No,No,No,No,No,Not Available,Not Available,No,No,No,No,No,Only for Old Reports,Only for Old Reports,Not Applicable,Conventional Mode,"On December 11, 2021 at 2:28 AM PST a Waymo Autonomous Vehicle (“Waymo AV”) operating in San Francisco was in a collision involving a concrete post in the parking lot at 1900 Noriega Street. At the time of the impact, the Waymo AV’s Level 4 ADS was not engaged and a test driver was operating the Waymo AV in manual mode. The operator of the vehicle was attempting to reverse into a parking spot when the right rear sensor casing of the vehicle struck a concrete post adjacent to the parking spot. The Waymo AV sustained minor damage to the right rear sensor housing.",Cloudy,Wind,Dark w Street-lights,Dark w Non-functioning Street-lights,Dry,Slippery,No unusual conditions,No unusual conditions,Parking Manuever,Other,Hit Object,Other,None Apparent,,,,,,
waymo-collision-report-august-12-2019.pdf,Waymo LLC,Waymo LLC,08/12/2019,8:15 AM,2017,Chrysler,Pacifica,S. Rengstorff Avenue at Crisanto Avenue,Mountain View,Santa Clara,CA,94040,Yes,No,No,No,No,2,Minor,Yes,Yes,No,No,Yes,No,No,No,No,No,No,No,No,No,No,No,No,No,No,No,No,No,No,No,No,No,No,No,No,No,Subaru Forester,2016,Yes,No,No,No,No,Only for Old Reports,Only for Old Reports,2,Autonomous Mode,"A Waymo Autonomous Vehicle (“Waymo AV”) was in autonomous mode on northbound S. Rengstorff Avenue at Crisanto Avenue in Mountain View when it was rear-ended. After starting to proceed following a red-to-green traffic light change, the Waymo AV yielded to a bicyclist who merged from the bike lane into the Waymo AV’s travel lane, and a passenger vehicle then made contact with the rear bumper of the Waymo AV. The passenger vehicle was traveling at approximately 8 MPH, and the Waymo AV was traveling at approximately 3 MPH. The Waymo AV sustained minor damage to its rear bumper, and the passenger vehicle sustained minor damage to its front bumper. There were no injuries reported at the scene.",Clear,Clear,Daylight,Daylight,Dry,Dry,No unusual conditions,No unusual conditions,Proceeding Straight,Proceeding Straight,Other,Rear End,None Apparent,,,,,,
waymo-collision-report-august-13-2019.pdf,Waymo LLC,Waymo LLC,08/13/2019,4:31 PM,2017,Chrysler,Pacifica,Page Mill Road at Oregon Expressway,Palo Alto,Santa Clara,CA,94306,No,Yes,No,No,No,2,Minor,Yes,Yes,No,No,No,No,No,No,No,No,No,No,No,No,No,No,No,No,No,No,No,No,No,No,No,No,No,No,No,No,Nissan Sentra,2009,Yes,No,No,No,No,Only for Old Reports,Only for Old Reports,2,Conventional Mode,"A Waymo Autonomous Vehicle (“Waymo AV”) was stopped in manual mode in the sliplane from southbound Page Mill Road to northbound Oregon Expressway in Palo Alto when it was rear-ended. The Waymo AV test driver was yielding to approaching traffic when a passenger vehicle made contact with the Waymo AV’s rear bumper at approximately 12 MPH. The Waymo AV sustained minor damage to its rear bumper, and the passenger vehicle sustained minor damage to its front bumper. The Waymo AV test driver and co-driver both reported head and neck pain, but declined medical treatment at the scene. No other injuries were reported.",Clear,Clear,Daylight,Daylight,Dry,Dry,No unusual conditions,No unusual conditions,Stopped,Proceeding Straight,Other,Rear End,None Apparent,,,,,,
waymo-collision-report-december-20-2019.pdf,Waymo LLC,Waymo LLC,12/20/2019,9:13 AM,2017,Chrysler,Pacifica,Whisman Station Drive and Central Expressway,Mountain View,Santa Clara,CA,94043,No,Yes,No,No,No,2,Minor,Yes,No,No,No,No,No,No,No,No,No,No,No,No,No,No,No,No,No,No,No,No,No,No,No,No,No,No,No,No,No,Mercedes-Benz C300,2015,Yes,No,No,No,No,Only for Old Reports,Only for Old Reports,2,Conventional Mode,"A Waymo Autonomous Vehicle (“Waymo AV”) was stopped in manual mode in the slip lane from southbound Whisman Station Drive to northbound Central Expressway in Mountain View when it was rear-ended. The Waymo AV test driver was yielding to approaching traffic when a passenger vehicle made contact with the Waymo AV’s rear bumper at approximately 2 MPH. The Waymo AV sustained minor damage to its rear bumper, and the passenger vehicle sustained minor damage to its front bumper. No injuries were reported at the scene.",Clear,Clear,Daylight,Daylight,Dry,Dry,No unusual conditions,No unusual conditions,Stopped,Proceeding Straight,Other,Rear End,None Apparent,,,,,,
waymo-collision-report-february-10-2019.pdf,Waymo LLC,Waymo LLC,02/10/2019,4:14 PM,2017,Chrysler,Pacifica,SB Highway 85 at El Camino Real,Mountain View,Santa Clara,CA,94040,Yes,/Off,No,No,No,2,Minor,/Off,/Off,Yes,No,No,No,No,Yes,No,Yes,No,No,No,No,No,Yes,No,Yes,No,No,No,No,No,No,No,No,No,No,No,No,Chevrolet Traverse,UNK,Yes,No,No,No,No,Only for Old Reports,Only for Old Reports,2,Autonomous Mode,"Per the DMV's request of 02/21/2019, Waymo is resubmitting this OL316 so the DMV's digital version is compliant with accessibility requirements under AB 434. Waymo's original report was submitted on 02/19/2019.

A Waymo Autonomous Vehicle (“Waymo AV”) was traveling in autonomous mode in the far right lane on southbound Highway 85 passing El Camino Real in Mountain View. A passenger vehicle entered the highway from El Camino Real and made an unsafe maneuver by crossing over a solid white line and cutting-in to the Waymo AV’s lane. Out of an abundance of caution, the Waymo AV’s test driver disengaged the autonomous mode on the Waymo AV and made an evasive maneuver into the left adjacent lane at approximately 45 MPH. As the test driver made the maneuver, the Waymo AV came into contact with a second passenger vehicle that had been approaching from behind in the left adjacent lane. The Waymo AV sustained minor damage and tire marks to the driver side of the vehicle, and the second passenger vehicle sustained no damage. The driver of the second passenger vehicle stopped to exchange information with the Waymo test driver, but after volunteering that there was no damage to their vehicle, left the scene. The first passenger vehicle did not stop. There were no injuries reported.",Clear,Clear,Daylight,Daylight,Dry,Dry,No unusual conditions,No unusual conditions,Stopped,Proceeding Straight,Side Swipe,Other,Entering/Leaving Traffic,,,,,,
waymo-collision-report-february-12-2020.pdf,Waymo LLC,Waymo LLC,02/12/2020,4:53 PM,2017,Chrysler,Pacifica,2042 Midvale Ave.,Los Angeles,Los Angeles,CA,90025,Yes,No,No,No,No,2,Minor,No,No,No,No,No,No,No,No,No,No,No,No,No,No,No,No,No,No,No,No,No,No,Yes,No,No,No,No,No,No,No,Chevrolet Equinox,2019,No,No,No,No,No,Only for Old Reports,Only for Old Reports,2,Conventional Mode,A Waymo Autonomous Vehicle (“Waymo AV”) was being driven in manual mode on northbound Midvale Avenue approaching La Grange Avenue in Los Angeles when the Waymo AV’s right side mirror made contact with the left side mirror of a parked vehicle. The Waymo AV’s test driver was attempting to move to the right to give space to an oncoming vehicle when it made contact with the parked vehicle’s left side mirror while traveling at approximately 16 MPH. The side mirror on the Waymo AV and side mirror on the parked vehicle both sustained minor damage. No injuries were reported at the scene.,Clear,Clear,Daylight,Daylight,Dry,Dry,No unusual conditions,No unusual conditions,Proceeding Straight,Parking,Side Swipe,Other,None Apparent,,,,,,
waymo-collision-report-february-14-2020.pdf,Waymo LLC,Waymo LLC,02/14/2020,5:52 PM,2017,Chrysler,Pacifica,Park Drive at Miramonte Avenue,Mountain View,Santa Clara,CA,94040,No,Yes,No,No,No,2,Minor,Yes,No,No,No,No,No,No,No,No,No,No,No,No,No,No,No,No,No,No,No,No,No,No,No,No,No,No,No,No,No,Honda Odyssey,2008,Yes,No,No,No,No,Only for Old Reports,Only for Old Reports,2,Autonomous Mode,"A Waymo Autonomous Vehicle (“Waymo AV”) was stopped in autonomous mode turning right from eastbound Park Drive onto southbound Miramonte Avenue in Mountain View when it was rear-ended. The Waymo AV was yielding to approaching traffic when a passenger vehicle made contact with the Waymo AV’s rear bumper at approximately 6 MPH. The Waymo AV sustained minor damage to its rear bumper, and the passenger vehicle sustained minor damage to its front bumper. No injuries were reported at the scene.",Clear,Clear,Dusk/Dawn,Dusk/Dawn,Dry,Dry,No unusual conditions,No unusual conditions,Stopped,Proceeding Straight,Other,Rear End,None Apparent,,,,,,
waymo-collision-report-february-26-2019.pdf,Waymo LLC,Waymo LLC,02/26/2019,6:56 AM,2017,Chrysler,Pacifica,Miramonte Avenue at Covington Road,Los Altos,Santa Clara,CA,94024,/Off,Yes,No,No,No,2,Major,Yes,Yes,Yes,No,Yes,No,Yes,/Off,No,/Off,No,No,No,No,No,/Off,No,/Off,No,No,No,No,No,No,No,No,No,No,No,No,Mazda 3,2011,Yes,No,No,No,No,Only for Old Reports,Only for Old Reports,2,Autonomous Mode,"A Waymo Autonomous Vehicle (“Waymo AV”) was stopped in autonomous mode at the intersection of Miramonte Avenue and Covington Road in Los Altos when it was involved in a collision. The Waymo AV was traveling northbound on Miramonte Avenue, when it reached a four-way stop sign intersection. The Waymo AV stopped to yield to another vehicle at the intersection, at which time a passenger vehicle rear-ended the Waymo AV at approximately 39 MPH. At the time of the collision the Waymo AV had been stopped for approximately 1.5 seconds. The Waymo AV sustained major damage to its rear bumper, rear hatch, and rear quarter panels, and the passenger vehicle sustained major damage to its front bumper, hood, and front quarter panels. First responders attended to the scene, but neither party reported injuries.",Clear,Clear,Daylight,Daylight,Dry,Dry,No unusual conditions,No unusual conditions,Stopped,Proceeding Straight,Side Swipe,Other,Entering/Leaving Traffic,,,,,,