File ID,Vehicle 1 Manufacturer,Vehicle 1 Business Name,Date,Time,Vehicle 1 Year of Manufacturing,Vehicle 1 Make,Vehicle 1 Model,Location of Accident,City of Accident,County of Accident,State of Accident,ZIPCODE of Accident,Vehicle 1 was Moving,Vehicle 1 was Stopped in Traffic,Pedestrian Involved in Accident (w V1),Bicyclist involved in Accident (w V1),Any other involved entity (w V1),Number of Vehicles involved in Accident (w V1),Vehicle Damage,RB,LR1,LR2,LR3,RR1,RR2,RR3,LRP1,LRP2,LRP3,LRP4,RRP1,RRP2,RRP3,RRP4,FDS1,FDS2,FDS3,FDS4,FPS1,FPS2,FPS3,FPS4,LFC1,LFC2,LFC3,RFC1,RFC2,RFC3,FB,Vehicle 2 Model,Vehicle 2 Year of Manufacturing,Vehicle 2 was Moving,Vehicle 2 was Stopped in Traffic,Pedestrian Involved in Accident (w V2),Bicyclist involved in Accident (w V2),Any other involved entity (w V2),Property Damage,Property Owner's Details,Number of Vehicles involved in Accident (w V2),Car Mode,Description,Weather Vehicle 1,Weather Vehicle 2,Lighting Vehicle 1,Lighting Vehicle 2,Roadway Surface Vehicle 1,Roadway Surface Vehicle 2,Roadway Conditions Vehicle 1,Roadway Conditions Vehicle 2,Movement Preceding Collision Vehicle 1,Movement Preceding Collision Vehicle 2,Type of Collison Vehicle 1,Type of Collison Vehicle 2,Other Factors,Lat1,Lng1,Lat2,Lng2,Lat3,Lng3
waymo-collision-report-february-26-2020.pdf,Waymo LLC,Waymo LLC,02/26/2020,12:45 PM,2017,Chrysler,Pacifica,Central Expressway and Shoreline Boulevard,Mountain View,Santa Clara,CA,94043,No,Yes,No,No,No,2,Moderate,Yes,Yes,No,No,Yes,No,No,No,No,No,No,No,No,No,No,No,No,No,No,No,No,No,No,No,No,No,No,No,No,No,Mercedes-Benz C300,2019,Yes,No,No,No,No,Only for Old Reports,Only for Old Reports,2,Conventional Mode,"A Waymo Autonomous Vehicle (“Waymo AV”) was traveling in autonomous mode, entering the slip lane onto northbound Central Expressway from the northbound S. Shoreline Boulevard ramp in Mountain View, when it began braking to yield to approaching traffic on Central Expressway. As the Waymo AV slowed down, the Waymo AV test driver disengaged and brought the Waymo AV to a stop. Moments later a passenger vehicle made contact with the Waymo AV’s rear bumper at approximately 15 MPH. The Waymo AV sustained moderate damage to its rear bumper, and the other vehicle had moderate damage to its front bumper. No injuries were reported.",Clear,Clear,Daylight,Daylight,Dry,Dry,No unusual conditions,No unusual conditions,Stopped,Proceeding Straight,Other,Rear End,Entering/Leaving Traffic,,,,,,
waymo-collision-report-february-6-2019.pdf,Waymo LLC,Waymo LLC,02/06/2019,9:08 AM,2017,Chrysler,Pacifica,Central Expressway and Shoreline Boulevard,Mountain View,Santa Clara,CA,94043,No,Yes,No,No,No,2,Minor,Yes,Yes,No,No,No,No,No,No,No,No,No,No,No,No,No,No,No,No,No,No,No,No,No,No,No,No,No,No,No,No,Lexus IS250,2007,Yes,No,No,No,No,Only for Old Reports,Only for Old Reports,2,Autonomous Mode,"Per the DMV's request of 02/21/2019, Waymo is resubmitting this OL316 so the DMV's digital version is compliant with accessibility requirements under AB 434. Waymo's original report was submitted on 02/14/2019.

A Waymo Autonomous Vehicle (“Waymo AV”) was stopped in autonomous mode in the slip-lane from northbound Shoreline Boulevard to northbound Central Expressway in Mountain View when it was rear-ended. The Waymo AV was yielding to approaching traffic from the left when a passenger vehicle rear-ended the Waymo AV while travelling approximately 4 MPH. The Waymo AV sustained minor damage to the rear bumper, and the passenger vehicle had minor damage to its front bumper. No injuries were reported at the scene but the two operators in the Waymo AV later reported minor headache and neck soreness. They sought medical attention and both were cleared to return to work.",Cloudy,Cloudy,Daylight,Daylight,Dry,Dry,No unusual conditions,No unusual conditions,Stopped,Proceeding Straight,Rear End,Other,Entering/Leaving Traffic,,,,,,
waymo-collision-report-january-26-2019.pdf,Waymo LLC,Waymo LLC,01/26/2019,3:24 AM,2017,Chrysler,Pacifica,Shoreline Blvd. at El Camino Real,Mountain View,Santa Clara,CA,94041,No,Yes,No,No,No,2,Minor,No,Yes,No,No,No,No,No,No,No,No,No,No,No,No,No,No,No,No,No,No,No,No,No,No,No,No,No,No,No,No,Toyota RAV4,2014,Yes,No,No,No,No,Only for Old Reports,Only for Old Reports,2,Conventional Mode,"Per the DMV's request of 02/21/2019, Waymo is resubmitting this OL316 so the DMV's digital version is compliant with accessibility requirements under AB 434. Waymo's original report was submitted on 01/31/2019.

A Waymo Autonomous Vehicle (“Waymo AV”) in manual mode was yielding to check for cross traffic while in the slip lane to turn from southbound Shoreline Boulevard to westbound El Camino Real in Mountain View when it was rear-ended by a passenger vehicle. The Waymo AV sustained minor damage to the rear left of the vehicle, and the passenger vehicle had minor damage to the front right of the vehicle. No injuries were reported.",Clear,Clear,Daylight,Daylight,Dry,Dry,No unusual conditions,No unusual conditions,Stopped,Making Right Turn,Rear End,Other,None Apparent,,,,,,
waymo-collision-report-january-28-2020.pdf,Waymo LLC,Waymo LLC,01/28/2020,11:30 PM,2017,Chrysler,Pacifica,Oro Way at Space Park Way,Mountain View,Santa Clara,CA,94043,Yes,No,No,No,No,1,Minor,No,No,No,No,No,No,No,No,No,No,No,No,Yes,No,No,No,No,No,No,No,No,No,No,No,No,No,No,No,No,No,Not Available,Not Available,No,No,No,No,No,Only for Old Reports,Only for Old Reports,Not Applicable,Conventional Mode,A Waymo Autonomous Vehicle (“Waymo AV”) was being driven in manual mode and attempting to exit Santiago Villa Mobile Home Park in Mountain View by turning right from southbound Oro Way to westbound Space Park Way when it made contact with a stationary object. The Waymo AV’s test driver was making a sharp right turn and the Waymo AV’s rear passenger side door and wheel well scraped a wall at approximately 1 MPH. The Waymo AV sustained minor damage. No injuries were reported at the scene.,Cloudy,Wind,Daylight,Dark w Non-functioning Street-lights,Dry,Slippery,Reduced Roadway Width,No unusual conditions,Making Right Turn,Other,Side Swipe,Other,None Apparent,,,,,,
waymo-collision-report-january-7-2020.pdf,Waymo LLC,Waymo LLC,01/07/2020,10:05 AM,2017,Chrysler,Pacifica,Nita Avenue and San Antonio Road,Palo Alto,Santa Clara,CA,94306,No,Yes,No,No,No,2,Minor,Yes,Yes,No,No,No,No,No,No,No,No,No,No,No,No,No,No,No,No,No,No,No,No,No,No,No,No,No,No,No,No,Chevrolet,Not Available,Yes,No,No,No,No,Only for Old Reports,Only for Old Reports,2,Autonomous Mode,"A Waymo Autonomous Vehicle (“Waymo AV”) was stopped in autonomous mode in the slip lane from westbound Nita Avenue to northbound San Antonio Road in Palo Alto when it was rear-ended. The Waymo AV was yielding to approaching traffic when a commercial box truck made contact with the Waymo AV’s rear bumper at approximately 3 MPH. The Waymo AV sustained minor damage to its rear bumper, and the commercial box truck left without exchanging information. Waymo contacted the Palo Alto Police Department and a police report was filed. No injuries were reported at the scene.",Clear,Clear,Daylight,Daylight,Dry,Dry,No unusual conditions,No unusual conditions,Stopped,Proceeding Straight,Other,Rear End,None Apparent,,,,,,
waymo-collision-report-july-16-2019.pdf,Waymo LLC,Waymo LLC,07/16/2019,4:44 PM,2017,Chrysler,Pacifica,Central Expressway at Thompson Avenue,Mountain View,Santa Clara,CA,94043,No,Yes,No,No,No,2,Minor,Yes,No,No,No,No,No,No,No,No,No,No,No,No,No,No,No,No,No,No,No,No,No,No,No,No,No,No,No,No,No,Buick LeSabre,Not Available,Yes,No,No,No,No,Only for Old Reports,Only for Old Reports,2,Conventional Mode,"A Waymo Autonomous Vehicle (“Waymo AV”) was stopped in manual mode on southbound Central Expressway approaching Thompson Avenue in Mountain View when it was rear-ended. The Waymo AV was stopped in traffic when a passenger vehicle made contact with a sensor on the Waymo AV’s rear bumper at approximately less than 1 MPH. The Waymo AV’s sensor sustained minor damage, and the passenger vehicle left the scene without exchanging information. There were no injuries reported at the scene.",Clear,Clear,Daylight,Daylight,Dry,Dry,No unusual conditions,No unusual conditions,Stopped,Proceeding Straight,Other,Rear End,None Apparent,,,,,,
waymo-collision-report-july-8-2019.pdf,Waymo LLC,Waymo LLC,07/08/2019,3:10 PM,2017,Chrysler,Pacifica,Escuela Avenue and El Camino Real,Mountain View,Santa Clara,CA,94040,No,Yes,No,No,No,2,Minor,No,No,No,No,No,No,No,No,No,No,No,No,No,No,No,No,No,No,No,No,No,No,Yes,No,No,No,No,No,No,No,Toyota 86,2018,Yes,No,No,No,No,Only for Old Reports,Only for Old Reports,2,Autonomous Mode,"A Waymo Autonomous Vehicle (“Waymo AV”) was stopped in autonomous mode on southbound Escuela Avenue at El Camino Real in Mountain View when it was side-swiped. The Waymo AV was stopped in traffic at a red light when a passenger vehicle attempted to pass the Waymo AV on the right, and made contact with a sensor on the Waymo AV’s passenger side front fender at approximately 1 MPH. The Waymo AV’s sensor housing sustained a minor scratch, and the passenger vehicle sustained a minor scratch to its driver side mirror. There were no injuries reported at the scene.",Clear,Clear,Daylight,Daylight,Dry,Dry,No unusual conditions,No unusual conditions,Stopped,Passing other Vehicle,Other,Side Swipe,None Apparent,,,,,,
waymo-collision-report-june-15-2020.pdf,Waymo LLC,Waymo LLC,06/15/2020,1:20 PM,2017,Chrysler,Pacifica,Alma Street at Alma Village Circle,Palo Alto,Santa Clara,CA,94306,No,Yes,No,No,No,2,Minor,Yes,No,No,No,No,No,No,No,No,No,No,No,No,No,No,No,No,No,No,No,No,No,No,No,No,No,No,No,No,No,Dodge Dakota,2001,Yes,No,No,No,No,Only for Old Reports,Only for Old Reports,2,Autonomous Mode,"A Waymo Autonomous Vehicle (“Waymo AV”) was stopped in autonomous mode on northbound Alma Street at Alma Village Circle in Palo Alto when it was rear-ended. The Waymo AV was stopped in traffic for a red light when a passenger vehicle made contact with the Waymo AV’s rear bumper at approximately 2 MPH. The Waymo AV sustained minor damage to its rear bumper and hatch, and the passenger vehicle sustained minor damage to its front bumper. No injuries were reported.",Clear,Clear,Daylight,Daylight,Dry,Dry,No unusual conditions,No unusual conditions,Stopped,Proceeding Straight,Other,Rear End,None Apparent,,,,,,
waymo-collision-report-june-16-2019.pdf,Waymo LLC,Waymo LLC,06/16/2019,11:30 AM,2017,Chrysler,Pacifica,Alma Street at Oregon Expressway,Palo Alto,Santa Clara,CA,94301,No,Yes,No,No,No,2,Minor,Yes,Yes,No,No,No,No,No,No,No,No,No,No,No,No,No,No,No,No,No,No,No,No,No,No,No,No,No,No,No,No,Honda Accord,Not Available,Yes,No,No,No,No,Only for Old Reports,Only for Old Reports,2,Autonomous Mode,"A Waymo Autonomous Vehicle (“Waymo AV”) was stopped in autonomous mode on the off-ramp from westbound Alma Street to southbound Oregon Expressway in Palo Alto when it was rear-ended. The Waymo AV was yielding to cross-traffic when a passenger vehicle made contact with the Waymo AV’s rear bumper at approximately 5 MPH. The Waymo AV sustained minor damage to the rear bumper, and the passenger vehicle left the scene without stopping or exchanging information. The Waymo AV driver complained of neck, back, and nose pain and was treated at the scene by emergency responders.",Clear,Clear,Daylight,Daylight,Dry,Dry,No unusual conditions,No unusual conditions,Stopped,Proceeding Straight,Other,Rear End,Entering/Leaving Traffic,,,,,,
waymo-collision-report-march-10-2020.pdf,Waymo LLC,Waymo LLC,03/10/2020,7:57 AM,2017,Chrysler,Pacifica,Whisman Station Drive at Central Expressway,Mountain View,Santa Clara,CA,94043,Yes,No,No,No,No,2,Minor,No,Yes,No,No,No,No,No,No,No,No,No,No,No,No,No,No,No,No,No,No,No,No,No,No,No,No,No,No,No,No,Honda Odyssey,Not Available,Yes,No,No,No,No,Only for Old Reports,Only for Old Reports,2,Autonomous Mode,"A Waymo Autonomous Vehicle (“Waymo AV”) was in autonomous mode in the slip lane from southbound Whisman Station Drive to northbound Central Expressway in Mountain View when it was rear-ended. The Waymo AV was yielding to approaching traffic on Central Expressway when a passenger vehicle made contact with the Waymo AV’s rear bumper at approximately 4 MPH. The Waymo AV sustained minor damage to its rear bumper, and the passenger vehicle sustained minor damage to its front bumper. No injuries were reported.",Clear,Clear,Daylight,Daylight,Dry,Dry,No unusual conditions,No unusual conditions,Proceeding Straight,Proceeding Straight,Other,Rear End,None Apparent,,,,,,
waymo-collision-report-march-26-2019.pdf,Waymo LLC,Waymo LLC,03/26/2019,9:09 AM,2017,Chrysler,Pacifica,E. Charleston Road and San Antonio Road,Palo Alto,Santa Clara,CA,94303,Yes,/Off,No,No,No,2,Minor,Yes,/Off,/Off,No,Yes,No,No,/Off,No,/Off,No,No,No,No,No,/Off,No,/Off,No,No,No,No,No,No,No,No,No,No,No,No,Scion xA,2006,Yes,No,No,No,No,Only for Old Reports,Only for Old Reports,2,Autonomous Mode,"A Waymo Autonomous Vehicle (“Waymo AV”) was traveling in manual mode when it was involved in a collision at the intersection of E. Charleston Road and San Antonio Road in Palo Alto. The Waymo AV was traveling eastbound on E. Charleston Road in manual mode when the test driver made a lane change from the middle lane to the adjacent right lane. As the test driver completed the lane change, the test driver braked before the intersection as the traffic light at San Antonio Road changed from yellow to red. A passenger vehicle then rear-ended the Waymo AV at approximately 15 MPH. The Waymo AV sustained minor damage to the passenger side of the rear bumper, and the passenger vehicle sustained minor damage to the driver side of the front bumper. No injuries were reported at the scene.",Clear,Clear,Daylight,Daylight,Dry,Dry,No unusual conditions,No unusual conditions,Stopped,Proceeding Straight,Side Swipe,Other,Entering/Leaving Traffic,,,,,,
waymo-collision-report-may-15-2019.pdf,Waymo LLC,Waymo LLC,05/15/2019,6:08 AM,2017,Chrysler,Pacifica,Shoreline Blvd. at El Camino Real,Mountain View,Santa Clara,CA,94041,/Off,Yes,No,No,No,2,Minor,Yes,/Off,/Off,No,/Off,No,No,/Off,No,/Off,No,No,No,No,No,/Off,No,/Off,No,No,No,No,No,No,No,No,No,No,No,No,Mazda B2300,1997,Yes,No,No,No,No,Only for Old Reports,Only for Old Reports,2,Autonomous Mode,"A Waymo Autonomous Vehicle (“Waymo AV”) in autonomous mode was yielding to check for cross traffic while in the slip lane to turn from southbound Shoreline Boulevard to westbound El Camino Real in Mountain View when it was rear-ended by a passenger vehicle at approximately 5 MPH. The Waymo AV sustained minor damage to its rear bumper, and the passenger vehicle had minor damage to its front bumper. The two Waymo AV operators reported neck/back pain but declined medical attention at the scene.",Clear,Clear,Daylight,Daylight,Dry,Dry,No unusual conditions,No unusual conditions,Stopped,Proceeding Straight,Side Swipe,Rear End,Entering/Leaving Traffic,,,,,,
waymo-collision-report-may-22-2019.pdf,Waymo LLC,Waymo LLC,05/22/2019,5:23 PM,2017,Chrysler,Pacifica,Whisman Station Drive at S. Whisman Road,Mountain View,Santa Clara,CA,94043,No,Yes,No,No,No,2,Minor,Yes,No,No,No,No,No,No,No,No,No,No,No,No,No,No,No,No,No,No,No,No,No,No,No,No,No,No,No,No,No,Lexus IS350,2015,Yes,No,No,No,No,Only for Old Reports,Only for Old Reports,2,Autonomous Mode,"A Waymo Autonomous Vehicle (“Waymo AV”) in autonomous mode was yielding to check for cross traffic while in the slip lane to turn from northbound Whisman Station Drive to southbound S. Whisman Road in Mountain View when it was rear-ended by a passenger vehicle at approximately 7 MPH. The Waymo AV sustained minor damage to its rear bumper, and the passenger vehicle had minor damage to its front bumper. There were no injuries reported at the scene.",Cloudy,Cloudy,Daylight,Daylight,Dry,Dry,No unusual conditions,No unusual conditions,Stopped,Making Right Turn,Other,Rear End,None Apparent,,,,,,
waymo-collision-report-may-29-2019.pdf,Waymo LLC,Waymo LLC,05/29/2019,4:07 PM,2017,Chrysler,Pacifica,San Antonio Road at Charleston Road,Palo Alto,Santa Clara,CA,94303,/Off,Yes,No,No,No,2,Minor,Yes,/Off,/Off,No,/Off,No,No,/Off,No,/Off,No,No,No,No,No,/Off,No,/Off,No,No,No,No,No,No,No,No,No,No,No,No,Honda Civic,UNK,Yes,No,No,No,No,Only for Old Reports,Only for Old Reports,2,Autonomous Mode,"A Waymo Autonomous Vehicle (“Waymo AV”) in autonomous mode was stopped in traffic while in the leftmost lane on southbound San Antonio Road headed toward Charleston Road in Palo Alto when it was rear-ended by a passenger vehicle maneuvering into the Waymo AV’s lane at approximately less than 1 MPH. The Waymo AV sustained minor scratches to its rear sensor, and the passenger vehicle left the scene. There were no injuries reported at the scene.",Clear,Clear,Daylight,Daylight,Dry,Dry,No unusual conditions,No unusual conditions,Stopped,Proceeding Straight,Side Swipe,Rear End,Entering/Leaving Traffic,,,,,,
waymo-collision-report-november-4-2019.pdf,Waymo LLC,Waymo LLC,11/04/2019,6:22 PM,2017,Chrysler,Pacifica,Alma Street at Oregon Expressway,Palo Alto,Santa Clara,CA,94301,No,Yes,No,No,No,2,Minor,Yes,No,No,No,No,No,No,No,No,No,No,No,No,No,No,No,No,No,No,No,No,No,No,No,No,No,No,No,No,No,BMW 535i,2015,Yes,No,No,No,No,Only for Old Reports,Only for Old Reports,2,Conventional Mode,"A Waymo Autonomous Vehicle (“Waymo AV”) was stopped in manual mode on the interchange from eastbound Alma Street about to merge onto southbound Oregon Expressway in Palo Alto when it was rear-ended. The Waymo AV was yielding to cross-traffic when a passenger vehicle made contact with the Waymo AV’s rear bumper at approximately 1 MPH. The Waymo AV sustained minor damage to the rear bumper, and the passenger vehicle sustained no damage. There were no injuries reported at the scene.",Clear,Clear,Dark w Street-lights,Dark w Street-lights,Dry,Dry,No unusual conditions,No unusual conditions,Stopped,Proceeding Straight,Other,Rear End,Entering/Leaving Traffic,,,,,,
waymo-collision-report-october-10-2019.pdf,Waymo LLC,Waymo LLC,10/10/2019,12:58 PM,2017,Chrysler,Pacifica,Rengstorff Avenue at Central Expressway,Mountain View,Santa Clara,CA,94043,No,Yes,No,No,No,2,Minor,Yes,Yes,No,No,No,No,No,No,No,No,No,No,No,No,No,No,No,No,No,No,No,No,No,No,No,No,No,No,No,No,Toyota Sienna,Not Available,Yes,No,No,No,No,Only for Old Reports,Only for Old Reports,2,Autonomous Mode,"A Waymo Autonomous Vehicle (“Waymo AV”) was stopped in autonomous mode in traffic at a red light on southbound Rengstorff Avenue at Central Expressway in Mountain View when it was rear-ended by a passenger vehicle. The passenger vehicle made contact with the Waymo AV’s rear bumper at approximately 1 MPH. The Waymo AV sustained minor damage to its rear bumper, and the passenger vehicle sustained minor damage to its front bumper. No injuries were reported.",Clear,Clear,Daylight,Daylight,Dry,Dry,No unusual conditions,No unusual conditions,Stopped,Proceeding Straight,Other,Rear End,None Apparent,,,,,,
waymo-collision-report-october-14-2019.pdf,Waymo LLC,Waymo LLC,10/14/2019,9:03 PM,2017,Chrysler,Pacifica,Cuesta Drive at S. San Antonio Road,Los Altos,Santa Clara,CA,94022,No,Yes,No,No,No,2,Minor,Yes,No,No,No,No,No,No,No,No,No,No,No,No,No,No,No,No,No,No,No,No,No,No,No,No,No,No,No,No,No,Nissan NV200S,2019,Yes,No,No,No,No,Only for Old Reports,Only for Old Reports,2,Autonomous Mode,"A Waymo Autonomous Vehicle (“Waymo AV”) was stopped in autonomous mode on westbound Cuesta Drive at S. San Antonio Road in Los Altos when it was rear-ended. The Waymo AV was preparing to make a right-on-red from Cuesta Drive onto northbound S. San Antonio Road and was yielding to cross-traffic when a passenger vehicle made contact with the Waymo AV's rear bumper at approximately 3 MPH. The Waymo AV sustained minor damage to its rear bumper, and the passenger vehicle sustained no damage to its front bumper. No injuries were reported.",Clear,Clear,Dark w Street-lights,Dark w Street-lights,Dry,Dry,No unusual conditions,No unusual conditions,Stopped,Making Right Turn,Other,Rear End,None Apparent,,,,,,
waymo-collision-report-october-16-2019.pdf,Waymo LLC,Waymo LLC,10/16/2019,7:45 AM,2017,Chrysler,Pacifica,Distel Drive at El Camino Real,Mountain View,Santa Clara,CA,94022,No,Yes,No,No,No,2,Minor,Yes,No,No,No,No,No,No,No,No,No,No,No,No,No,No,No,No,No,No,No,No,No,No,No,No,No,No,No,No,No,BMW X3,2018,Yes,No,No,No,No,Only for Old Reports,Only for Old Reports,2,Autonomous Mode,"A Waymo Autonomous Vehicle (“Waymo AV”) was stopped in autonomous mode on northbound Distel Drive at El Camino Real in Los Altos when it was rear-ended. The Waymo AV was preparing to make a right-on-red from Distel Drive onto eastbound El Camino Real and was yielding to cross-traffic when a passenger vehicle made contact with the Waymo AV’s rear bumper at approximately 1 MPH. The Waymo AV sustained minor damage to its rear bumper, and the passenger vehicle sustained minor damage to its front bumper. No injuries were reported.",Clear,Clear,Daylight,Daylight,Dry,Dry,No unusual conditions,No unusual conditions,Stopped,Making Right Turn,Other,Rear End,None Apparent,,,,,,
waymo-collision-report-october-18-2019.pdf,Waymo LLC,Waymo LLC,10/18/2019,10:30 AM,2017,Chrysler,Pacifica,Alma Street at Oregon Expressway,Palo Alto,Santa Clara,CA,94301,No,Yes,No,No,No,2,Minor,Yes,Yes,No,No,No,No,No,No,No,No,No,No,No,No,No,No,No,No,No,No,No,No,No,No,No,No,No,No,No,No,Toyota Prius,2012,Yes,No,No,No,No,Only for Old Reports,Only for Old Reports,2,Autonomous Mode,"A Waymo Autonomous Vehicle (“Waymo AV”) was stopped in autonomous mode on the interchange from eastbound Alma Street merging onto southbound Oregon Expressway in Palo Alto when it was rear-ended. The Waymo AV was yielding to cross-traffic when a passenger vehicle made contact with the Waymo AV’s rear bumper at approximately 8 MPH. The Waymo AV sustained minor damage to the rear bumper, and the passenger vehicle sustained minor damage to its front bumper. There were no injuries reported at the scene; the Waymo test driver later reported dizziness but declined medical attention.",Clear,Clear,Daylight,Daylight,Dry,Dry,No unusual conditions,No unusual conditions,Stopped,Proceeding Straight,Other,Rear End,Entering/Leaving Traffic,,,,,,
waymo-collision-report-october-19-2019.pdf,Waymo LLC,Waymo LLC,10/19/2019,9:40 AM,2017,Chrysler,Pacifica,3191 Middlefield Rd.,Palo Alto,Santa Clara,CA,94306,No,Yes,No,No,No,2,Minor,No,Yes,No,No,No,No,No,No,No,No,No,No,No,No,No,No,No,No,No,No,No,No,No,No,No,No,No,No,No,No,Tesla Model S,Not Available,Yes,No,No,No,No,Only for Old Reports,Only for Old Reports,2,Conventional Mode,"A Waymo Autonomous Vehicle (“Waymo AV”) was parked in manual mode in a coffee shop parking lot in Palo Alto when a passenger vehicle reversed into it. The Waymo AV was unattended when a passenger vehicle made contact with the Waymo AV’s rear bumper at approximately 2 MPH. The Waymo AV sustained minor damage to the rear bumper, and the passenger vehicle left the scene without exchanging information.",Clear,Clear,Daylight,Daylight,Dry,Dry,No unusual conditions,No unusual conditions,Parking,Backing,Other,Rear End,None Apparent,,,,,,
waymo-collision-report-september-14-2019.pdf,Waymo LLC,Waymo LLC,09/05/2020,12:21 PM,2017,Chrysler,Pacifica,4800 El Camino Real,Los Altos,Santa Clara,CA,94022,No,Yes,No,No,No,2,Minor,No,No,No,No,No,No,Yes,No,No,No,No,No,Yes,No,No,No,No,No,No,No,No,No,No,No,No,No,No,No,No,No,Hyundai Ioniq,2019,Yes,No,No,No,No,Only for Old Reports,Only for Old Reports,2,Autonomous Mode,"A Waymo Autonomous Vehicle (“Waymo AV”) was stopped at a stop sign intersection in manual mode at westbound Clement Street at 12th Avenue in San Francisco when it was rear-ended. The Waymo AV test driver was yielding to a pedestrian in the crosswalk when a passenger vehicle made contact with the Waymo AV’s rear bumper at approximately 6 MPH. The Waymo AV sustained minor damage to its rear bumper and hatch, and the passenger vehicle sustained minor damage to its front bumper. No injuries were reported.",Clear,Clear,Daylight,Daylight,Dry,Dry,No unusual conditions,No unusual conditions,Stopped,Backing,Other,Broadside,None Apparent,,,,,,
waymo-collision-report-september-5-202.pdf,Waymo LLC,Waymo LLC,09/14/2019,2:12 PM,2017,Chrysler,Pacifica,Clement Street at 12th Avenue,San Francisco,San Francisco,CA,94118,No,Yes,No,No,No,2,Minor,Yes,No,No,No,No,No,No,No,No,No,No,No,No,No,No,No,No,No,No,No,No,No,No,No,No,No,No,No,No,No,GMC Yukon,2000,Yes,No,No,No,No,Only for Old Reports,Only for Old Reports,2,Conventional Mode,"A Waymo Autonomous Vehicle (“Waymo AV”) was stopped in autonomous mode in a grocery store parking lot in Los Altos when a passenger vehicle reversed into it. Three passengers were exiting the Waymo AV when the passenger vehicle in the right adjacent parking spot began to reverse out of the parking spot and made contact with the Waymo AV’s passenger side rear quarter panel at approximately 1 MPH. The Waymo AV sustained minor damage to its passenger side sliding rear door and rear quarter panel, and the passenger vehicle sustained minor damage to its rear bumper. No injuries were reported.",Clear,Clear,Daylight,Daylight,Dry,Dry,No unusual conditions,No unusual conditions,Stopped,Proceeding Straight,Other,Rear End,None Apparent,,,,,,
weride_030923.pdf,WeRide Corp,WeRide,03/09/2023,4:12 PM,2019,NISSAN,LEAF,Washington and The Embarcadero,San Francisco,San Francisco,CA,94105,No,Yes,No,No,No,2,Minor,No,No,No,No,Yes,No,No,No,No,No,No,No,No,No,No,No,No,No,No,No,No,No,No,No,No,No,No,No,No,No,DODGE,2020,Yes,No,No,No,No,Only for Old Reports,Only for Old Reports,1,Conventional Mode,Our Autonomous vehicle (car 1) was in conventional mode stopped at the traffic light on Embarcadero and Washington. A black color Dodge Challenger (car 2) attempted to bypass our car (car 1) from the rear and in doing so hit our car (car 1) right side rear bumper. At the time of collision our AV (Car 1) was stopped traveling 0 mph and the Dodge Challenger (car 2) was traveling less than 5 mph. The damage is minor and left a small scratch. After exchanging information both parties agreed to leave the scene,Cloudy,Cloudy,Daylight,Dark w Non-functioning Street-lights,Wet,Slippery,No unusual conditions,No unusual conditions,Stopped,Passing other Vehicle,Rear End,Head-On,CVC Sections Not Violated,,,,,,
weride_050123.pdf,WeRide Corp,WeRide.ai,05/01/2023,11:41 AM,2023,NISSAN,LEAF,Bay St and Columbus Ave,San Francisco,San Francisco,CA,94133,No,Yes,No,No,No,1,Minor,Yes,No,No,No,No,No,No,No,No,No,No,No,No,No,No,No,No,No,No,No,No,No,No,No,No,No,No,No,No,No,Not Available,Not Available,No,No,No,Yes,No,Only for Old Reports,Only for Old Reports,Not Applicable,Autonomous Mode,"On Monday May 1st at 11:41am a Weride autonomous vehicle (Vehicle 1) was in Autonomous Mode stopped at the intersection of Bay St towards Columbus Ave appropriately yielding to a illegally U turning skateboard on Bay St North to South direction in front of the AV (Vehicle 1). While yielding, a bicyclist was coming from behind our AV (Vehicle 1) head was turned left possibly looking for cross traffic. When the cyclist turned his head forward, it was too late to react in time to our stopped vehicle(Vehicle 1) with the given distance and speed they were traveling at in which the cyclist collided with our vehicle (Vehicle 1). Our Weride safety officer immediately disengaged and hand signaled to the bicyclist to pull over to the closest safe place to park as to not obstruct traffic. As our safety officer parked and got out of the car to check on the bicyclist, the bicyclist was already on in motion on his bicycle and ""fist bumped"" our safety officer while passing by him and leaving the scene without exchanging any information.",Cloudy,Cloudy,Daylight,Daylight,Dry,Dry,No unusual conditions,No unusual conditions,Stopped,Proceeding Straight,Rear End,Head-On,CVC Sections Not Violated,,,,,,
weride_060823.pdf,WERIDE CORP,WeRide.ai,06/08/2023,2:06 PM,2019,Nissan,Leaf,E Trimble Rd between Junction Ave and Zanker Rd,San Jose,Santa Clara,CA,95134,No,Yes,No,No,No,2,Moderate,No,No,No,No,No,No,No,No,No,No,No,No,No,No,No,No,No,No,No,No,No,No,No,No,No,Yes,No,No,Yes,Yes,Volvo,2018,Yes,No,No,No,No,Only for Old Reports,Only for Old Reports,2,Autonomous Mode,"At 2:06pm a WeRide driverless vehicle (car 1) was stopped behind a big rig truck (vehicle 2). As our vehicle (car 1) was stopped behind the big rig truck, the big rig truck proceeded to reverse backwards and eventually collided into the WeRide vehicle (car 1). Both parties pulled over both involved vehicles and cooperated to exchange information. The damage sustained to the WeRide vehicle was moderate and the big rig truck did not have any damage.",Clear,Clear,Daylight,Daylight,Dry,Dry,No unusual conditions,No unusual conditions,Stopped,Backing,Head-On,Rear End,CVC Sections Not Violated,,,,,,
weride_08112023.pdf,WERIDE CORP,WERIDE,08/11/2023,1:45 PM,2023,Nissan,Leaf,Van Ness Ave between Eddy St and Turk St,San Francisco,San Francisco,CA,94109,No,No,No,No,No,2,Minor,No,No,No,No,No,No,No,No,No,No,No,No,No,No,No,No,No,No,No,No,No,No,No,No,No,Yes,No,No,No,No,Ford,1994,Yes,No,No,No,No,Only for Old Reports,Only for Old Reports,Not Applicable,Conventional Mode,"At 1:45pm, a WeRide vehicle (Car 1) was parked at a Van Ness St. parking meter - between Eddy st. and Turk St. when another vehicle (Car 2) began reversing in front of the vehicle in question. The reversing vehicle (Car 2) ultimately collided with the front left corner of the WeRide vehicle (Car 1), causing minor damage to the front bumper. The reversing vehicle (Car 2) did not have any damage. Both drivers were able to confer with one another seconds after the incident took place. The reversing vehicle's driver did not possess any form of insurance or registration.",Clear,Clear,Daylight,Daylight,Dry,Dry,No unusual conditions,No unusual conditions,Parking,Backing,Head-On,Rear End,CVC Sections Not Violated,,,,,,