File ID,Vehicle 1 Manufacturer,Vehicle 1 Business Name,Date,Time,Vehicle 1 Year of Manufacturing,Vehicle 1 Make,Vehicle 1 Model,Location of Accident,City of Accident,County of Accident,State of Accident,ZIPCODE of Accident,Vehicle 1 was Moving,Vehicle 1 was Stopped in Traffic,Pedestrian Involved in Accident (w V1),Bicyclist involved in Accident (w V1),Any other involved entity (w V1),Number of Vehicles involved in Accident (w V1),Vehicle Damage,RB,LR1,LR2,LR3,RR1,RR2,RR3,LRP1,LRP2,LRP3,LRP4,RRP1,RRP2,RRP3,RRP4,FDS1,FDS2,FDS3,FDS4,FPS1,FPS2,FPS3,FPS4,LFC1,LFC2,LFC3,RFC1,RFC2,RFC3,FB,Vehicle 2 Model,Vehicle 2 Year of Manufacturing,Vehicle 2 was Moving,Vehicle 2 was Stopped in Traffic,Pedestrian Involved in Accident (w V2),Bicyclist involved in Accident (w V2),Any other involved entity (w V2),Property Damage,Property Owner's Details,Number of Vehicles involved in Accident (w V2),Car Mode,Description,Weather Vehicle 1,Weather Vehicle 2,Lighting Vehicle 1,Lighting Vehicle 2,Roadway Surface Vehicle 1,Roadway Surface Vehicle 2,Roadway Conditions Vehicle 1,Roadway Conditions Vehicle 2,Movement Preceding Collision Vehicle 1,Movement Preceding Collision Vehicle 2,Type of Collison Vehicle 1,Type of Collison Vehicle 2,Other Factors,Lat1,Lng1,Lat2,Lng2,Lat3,Lng3
weride_09282023.pdf,WERIDE CORP,WERIDE,09/28/2023,1:54 PM,2023,Nissan,Leaf,On Embarcadero St left turning lane to Howard St,San Francisco,San Francisco,CA,94105,No,Yes,No,No,No,2,Minor,Yes,No,No,No,No,No,No,No,No,No,No,No,No,No,No,No,No,No,No,No,No,No,No,No,No,No,No,No,No,No,Toyota Highlander,2006,Yes,No,No,No,No,Only for Old Reports,Only for Old Reports,2,Autonomous Mode,"At 1:54pm, a WeRide vehicle (Car 1) was stopped on Embarcadero St left turning lane to Howard St. As our vehicle (Car 1) was stopped for red traffic light, the toyota suv (Car 2) approaching from behind collided with our vehicle (Car 1). Both parties pulled over both involved vehicles and cooperated to exchange information. The damage sustained to the WeRide vehicle (Car 1) and toyota suv (Car 2) are minor.",Clear,Clear,Daylight,Daylight,Dry,Dry,No unusual conditions,No unusual conditions,Stopped,Proceeding Straight,Rear End,Head-On,CVC Sections Not Violated,,,,,,
zoox_010123.pdf,"Zoox, Inc. dba Zoox Labs, Inc.",Zoox,01/01/2023,6:40 PM,2016,Toyota,Highlander,Mason Street and Eddy Street,San Francisco,San Francisco,CA,94102,Yes,No,No,No,Vehicle,2,Minor,Yes,No,No,No,No,No,No,No,No,No,No,No,No,No,No,No,No,No,No,No,No,No,No,No,No,No,No,No,No,No,Mitsubishi Outlander 4D,2016,Yes,No,No,No,Vehicle,Only for Old Reports,Only for Old Reports,2,Conventional Mode,"A Zoox vehicle in autonomous mode was proceeding straight in its lane on Mason Street in San Francisco, CA when an occupant of a parallel parked car (Vehicle 2) abruptly opened its rear passenger side door into the side of the Zoox vehicle, causing minor damage to both vehicles. The Zoox operator disengaged as a result of the contact. There were no injuries and the police were not called.",Clear,Clear,Dark w Street-lights,Dark w Street-lights,Dry,Dry,No unusual conditions,No unusual conditions,Proceeding Straight,Parking,Side Swipe,Other,None Apparent,,,,,,
Zoox_011818.pdf,"Zoox , Inc",Zoox,"January 18, 2018",9:14 AM,2017,Toyota,Highlander,Pacific Ave. and Sansome St.,San Francisco,San Francisco,CA,94111,No,Yes,No,No,No,2,Minor,Not Available,Not Available,Not Available,Not Available,Not Available,Not Available,Not Available,Not Available,Not Available,Not Available,Not Available,Not Available,Not Available,Not Available,Not Available,Not Available,Not Available,Not Available,Not Available,Not Available,Not Available,Not Available,Not Available,Not Available,Not Available,Not Available,Not Available,Not Available,Not Available,Not Available,2016,"Hyundai, Accent",No,No,No,No,No,"Driver's side, rear bumper and sensor","Zoox,Inc.",2,Autonomous Mode,"A Hyundai rear-ended a stationary Zoox autonomous vehicle (""Zoox A V11
) that was operating in Autonomous Mode when struck. The
collision occurred while the Zoox AV was traveling westbound on Pacific A venue, intending to make a right turn at a green light onto
Sansome St. The Zoox AV had slowly decelerated from a low speed and stopped, waiting for a pedestrian to clear the intersection, when the
Hyundai1
s front, passenger-side bumper made contact with the Zoox A V'sdriver-side rear bumper and sensor. At the time of collision, the
Hyundai was traveling at just under 4 MPH and was slightly accelerating towards the Zoox AV prior to impact.",Not Available,Not Available,Not Available,Not Available,Not Available,Not Available,Not Available,Not Available,Not Available,Not Available,Not Available,Not Available,Not Available,,,,,,
zoox_013023.pdf,"Zoox, Inc. dba Zoox Labs, Inc.",Zoox,01/30/2023,5:57 PM,2016,Toyota,Highlander,Intersection of Folsom Street and 2nd Street,San Francisco,San Francisco,CA,94107,No,Yes,No,No,Vehicle,2,Minor,,,,,,,,,,,,,,,,,,,,,,,,,,,,,,,,,,,,,,,,,,"A Zoox vehicle in manual mode was stationary at a red right turn arrow northeast on Folsom Street with brake lights and right turn signal illuminated, waiting to make a turn onto souttheast 2nd Street. Vehicle 2, behind the Zoox vehicle, proceeded and made contact with the left rear sensor and bumper of the Zoox vehicle. There were no injuries and police were not called.",Clear,Clear,Dark w Street-lights,Dark w Street-lights,Dry,Dry,No unusual conditions,No unusual conditions,Stopped,Proceeding Straight,Rear End,Head-On,None Apparent,,,,,,
zoox_020723.pdf,"Zoox, Inc. dba Zoox Labs, Inc.",Zoox,02/07/2023,2:28 PM,2016,Toyota,Highlander,2nd Street and Folsom Street Intersection,San Francisco,San Francisco,CA,94107,Yes,No,No,No,Vehicle,2,Minor,No,No,No,No,No,No,No,No,No,No,No,No,No,No,No,No,No,No,No,No,No,No,No,Yes,No,Yes,No,No,No,Yes,Not Available,Not Available,Yes,No,No,No,Vehicle,Only for Old Reports,Only for Old Reports,2,Autonomous Mode,A Zoox vehicle in autonomous mode was making a right turn to travel southwest onto 2nd Street from Folsom Street from lane 1 when Vehicle 2 crossed from lane 3 into the Zoox vehicle's lane and made contact with the Zoox vehicle's front sensors before making the right turn. Vehicle 2 did not stop before leaving the scene. No information was exchanged. There were no injuries and the police were not called.,Clear,Clear,Daylight,Daylight,Slippery,Slippery,No unusual conditions,No unusual conditions,Making Right Turn,Making Right Turn,Side Swipe,Side Swipe,None Apparent,,,,,,
zoox_020823.pdf,"Zoox, Inc. dba Zoox Labs, Inc.",Zoox,02/08/2023,1:27 PM,2106,Toyota,Highlander,Embarcadero between Howard St. and Folsom St.,San Francisco,San Francisco,CA,94105,No,Yes,No,No,Vehicle,2,Minor,Yes,No,No,No,No,No,No,No,No,No,No,No,No,No,No,No,No,No,No,No,No,No,No,No,No,No,No,No,No,No,Nissan Frontier,Not Available,Yes,No,No,No,Vehicle,Only for Old Reports,Only for Old Reports,2,Autonomous Mode,A Zoox vehicle in autonomy was stopped with brake lights illuminated in traffic southbound on Embarcadero Street towards Folsom Street. When traffic ahead began to move the Zoox vehicle was appropriately following the car ahead at low speed when it was rear ended by Vehicle #2 at low speed. The other party did not stop to exchange information and left the scene. There were no injuries and police were not called.,Clear,Clear,Daylight,Daylight,Dry,Dry,No unusual conditions,No unusual conditions,Stopped,Proceeding Straight,Rear End,Rear End,None Apparent,,,,,,
zoox_021123.pdf,"Zoox, Inc. dba Zoox Labs, Inc.",Zoox,02/11/2023,6:06 PM,2016,Toyota,Highlander,5th Street and Jesse Street,San Francisco,San Francisco,CA,94103,No,Yes,No,No,Vehicle,2,Minor,Yes,No,No,No,No,No,No,No,No,No,No,No,No,No,No,No,No,No,No,No,No,No,No,No,No,No,No,No,No,No,Volvo C70,2011,Yes,No,No,No,Vehicle,Only for Old Reports,Only for Old Reports,2,Autonomous Mode,A Zoox vehicle in autonomous mode was slowing to a stop with brake lights illuminated behind traffic on northbound 5th Street near Jesse Street when a vehicle behind made contact at approximately 10mph. There were no injuries and police were not called.,Clear,Clear,Dark w Street-lights,Dark w Street-lights,Dry,Dry,No unusual conditions,No unusual conditions,Stopped,Proceeding Straight,Rear End,Rear End,None Apparent,,,,,,
zoox_022323.pdf,"Zoox, Inc. dba Zoox Labs, Inc.",Zoox,02/23/2023,3:36 PM,2016,Toyota,Highlander,Harrison St. and Sixth St. Intersection,San Francisco,San Francisco,CA,94103,Yes,No,No,No,Truck,2,Minor,No,No,No,No,No,No,No,No,No,No,No,No,No,No,No,No,No,No,No,No,No,No,No,Yes,No,No,No,No,No,No,Isuzu,Not Available,Yes,No,No,No,Truck,Only for Old Reports,Only for Old Reports,2,Conventional Mode,"A Zoox vehicle in manual mode was proceeding southbound in the turn lane on Sixth Street with a green light, yielding to a pedestrian before completing a right turn onto eastbound Harrison Street, in San Francisco, CA with turn signals illuminated. A large truck in the left adjacent lane abruptly turned right and cut in front of the Zoox vehicle making contact with the left front sensor. There were no injuries, the other vehicle did not stop to exchange information, and police were not called.",Cloudy,Cloudy,Daylight,Daylight,Dry,Dry,No unusual conditions,No unusual conditions,Making Right Turn,Making Right Turn,Side Swipe,Side Swipe,None Apparent,,,,,,
zoox_031623.pdf,"Zoox, Inc. dba Zoox Labs, Inc.",Zoox,03/16/2023,10:31 AM,2019,Toyota,Highlander,Division Street approaching Bryant Street,San Francisco,San Francisco,CA,94103,Yes,No,No,No,Vehicle,2,Minor,No,No,No,No,No,No,Yes,No,No,No,No,No,No,No,No,No,No,No,No,No,No,No,No,No,No,No,No,No,No,No,Honda Insight,2019,No,Yes,No,No,Vehicle,Only for Old Reports,Only for Old Reports,2,Conventional Mode,"A Zoox vehicle in manual mode northwest on Division St. in San Francisco, CA scraped a parked car at low speed as it was pulling into a driveway, making contact with its left front bumper. There were no injuries and police were not called.",Clear,Clear,Daylight,Daylight,Dry,Dry,No unusual conditions,No unusual conditions,Making Right Turn,Parking,Side Swipe,Side Swipe,None Apparent,,,,,,
zoox_041123_2.pdf,"Zoox, Inc. dba Zoox Labs Inc.",Zoox,04/11/2023,10:54 AM,2017,Toyota,Highlander,Lombard Street,San Francisco,San Francisco,CA,94133,Yes,No,No,No,concrete abutment,1,Minor,No,No,No,No,No,No,No,No,No,No,No,No,Yes,No,Yes,No,No,No,No,No,Yes,No,No,No,No,No,No,No,No,No,Not Available,Not Available,No,No,No,No,concrete abutment,Only for Old Reports,Only for Old Reports,0,Conventional Mode,A Zoox vehicle in manual mode was traveling eastbound on Lombard St. towards Leavenworth St. following a sharp curve in the road when it made contact with a concrete abutment on the right. There were no injuries and police were not called. Autonomy was not engaged at any point during the drive cycle proceeding the event.,Clear,Wind,Daylight,Dark w Non-functioning Street-lights,Dry,Slippery,No unusual conditions,No unusual conditions,Other,Other,Hit Object,Other,None Apparent,,,,,,
zoox_041123.pdf,"Zoox, Inc. dba Zoox Labs, Inc.",Zoox,04/11/2023,11:19 AM,2017,Toyota,Highlander,Kearny Street and Commercial Street Intersection,San Francisco,San Francisco,CA,94108,No,Yes,No,No,Vehicle,2,Minor,No,No,No,No,Yes,No,No,No,No,No,No,No,No,No,No,No,No,No,No,No,No,No,No,No,No,No,No,No,No,No,Not Available,Not Available,Yes,No,No,No,E-Scooter,Only for Old Reports,Only for Old Reports,2,Autonomous Mode,"A Zoox vehicle in autonomy was proceeding northbound on Kearny Street in stop-and-go traffic through an active construction zone. At the same time, an e-scooter traveling near the right curb was passing other slow traffic behind the Zoox vehicle. Before the e-scooter could also pass the Zoox vehicle on the right, the e-scooter weaved away from the curb, seemingly to avoid a drainage grate, and came within a close following distance behind the Zoox vehicle. As the Zoox vehicle came to a stop again for traffic ahead the e-scooter rider did not stop, and the e-scooter made contact with the right rear tail light of the Zoox vehicle. The e-scooter rider remained upright, did not stop to exchange information, and immediately rode off while the Zoox vehicle was still stopped. There were no injuries and police were not called. The damage to the Zoox vehicle was limited to a cracked tail light lens.",Clear,Clear,Daylight,Daylight,Dry,Dry,Construction - Repair Zone,Construction - Repair Zone,Stopped,Passing other Vehicle,Rear End,Head-On,Stop and Go Traffic,,,,,,
zoox_05112021.pdf,Zoox Inc,Zoox Inc.,05/11/2021,5:13 PM,2016,Toyota,Highlander,Kearny St. and Columbus Ave. Intersection,San Francisco,San Francisco,CA,94133,Yes,No,No,No,Vehicle,1,None,No,No,No,No,No,No,No,No,No,No,No,No,No,No,No,No,No,No,No,No,No,No,No,No,No,No,No,No,No,No,Ford Fusion,2014,Yes,No,No,No,Vehicle,Only for Old Reports,Only for Old Reports,1,Autonomous Mode,A Zoox vehicle in autonomous mode began to slow down during an unprotected left turn to yield for cross traffic entering the lane from the right. A passenger vehicle from behind did not slow and made contact with the rear sensors of the Zoox vehicle. There were no injuries and the police were not called.,Clear,Clear,Daylight,Daylight,Dry,Dry,No unusual conditions,No unusual conditions,Stopped,Making Left Turn,Other,Rear End,None Apparent,,,,,,
zoox_051723.pdf,"Zoox Inc., dba Zoox Labs Inc.",Zoox Inc.,05/17/2023,11:40 AM,2017,Toyota,Highlander,13th Street and Harrison Street,San Francisco,San Francisco,CA,94103,Yes,No,No,No,No,2,Minor,Yes,No,No,No,No,No,No,No,No,No,No,No,No,No,No,No,No,No,No,No,No,No,No,No,No,No,No,No,No,No,BMW 2017 X3,2018,Yes,No,No,No,No,Only for Old Reports,Only for Old Reports,2,Autonomous Mode,"A Zoox vehicle in autonomous mode was traveling north on Harrison St. The Zoox vehicle began coming to a gradual stop for traffic ahead when it was rear ended by vehicle 2 at low speed. There was minor damage and police were not called. The Zoox operator reported a ""sore neck and back.""",Clear,Clear,Daylight,Daylight,Dry,Dry,No unusual conditions,No unusual conditions,Slowing/Stopping,Proceeding Straight,Rear End,Head-On,None Apparent,,,,,,
zoox_052022.pdf,Zoox Inc.,Zoox Inc.,05/20/2022,1:30 PM,2016,Toyota,Highlander,Folsom St. near Essex St.,San Francisco,San Francisco,CA,94105,No,Yes,No,No,Vehicle,2,Minor,Yes,No,No,No,No,No,No,No,No,No,No,No,No,No,No,No,No,No,No,No,No,No,No,No,No,No,No,No,No,No,Honda Fit,2009,Yes,No,No,No,Vehicle,Only for Old Reports,Only for Old Reports,2,Autonomous Mode,"A Zoox vehicle in autonomous mode was stopped on Folsom Street facing Essex Street, when a passenger vehicle from behind made contact with its rear sensors at low speed. The police were not called and there were no injuries.",Clear,Clear,Daylight,Daylight,Dry,Dry,No unusual conditions,No unusual conditions,Stopped,Proceeding Straight,Rear End,Rear End,None Apparent,,,,,,
zoox_052023.pdf,"Zoox Inc., dba Zoox Labs Inc.",Zoox Inc.,05/20/2023,10:49 PM,2017,Toyota,Highlander,Broadway Street and Montgomery Street,San Francisco,San Francisco,CA,94133,No,Yes,No,No,No,2,Minor,No,No,No,No,No,No,No,No,No,No,No,No,No,No,No,No,No,No,No,No,No,No,No,No,No,Yes,No,No,No,No,Not Available,Not Available,Yes,No,No,No,No,Only for Old Reports,Only for Old Reports,2,Conventional Mode,"A Zoox vehicle in manual mode was stopped northbound at the intersection of Montgomery St and Broadway at a red traffic light when another vehicle making a left turn from westbound Broadway onto southbound Montgomery St erratically veered toward the Zoox vehicle, resulting in a low speed collision with our front bumper. The driver initially stopped and partially opened the drivers door, but then drove away from the scene. Police were not called and no injuries were reported.",Raining,Raining,Dark w Street-lights,Dark w Street-lights,Wet,Wet,No unusual conditions,No unusual conditions,Stopped,Making Left Turn,Head-On,Head-On,None Apparent,,,,,,
zoox_06182023.pdf,"Zoox, Inc. dba Zoox Labs Inc.",Zoox,6/18/2023,5:50 PM,2016,Toyota,Highlander,Montgomery and Pine Street,San Francisco,San Francisco,CA,94104,No,Yes,No,No,No,2,Moderate,Yes,No,No,No,No,No,No,No,No,No,No,No,No,No,No,No,No,No,No,No,No,No,No,No,No,No,No,No,No,No,Toyota 4runner,2018,Yes,No,No,No,No,Only for Old Reports,Only for Old Reports,2,Conventional Mode,"A Zoox vehicle in manual mode was stopped in stop-and-go traffic southbound on Montgomery St. at the intersection of Pine St. when it was struck from behind by vehicle 2. Police were not called, and Zoox operators later reported injuries.",Clear,Clear,Daylight,Daylight,Dry,Dry,No unusual conditions,No unusual conditions,Stopped,Proceeding Straight,Rear End,Head-On,None Apparent,,,,,,
Zoox_081118.pdf,"Zoox , Inc",Zoox,08/11/2018,3:38,2017,Toyota,Highlander,Moscow St & France Ave,San Francisco,San Francisco,CA,94112,Yes,No,No,No,No,2,Minor,Yes,Not Available,Not Available,Not Available,Not Available,Not Available,Not Available,Not Available,Not Available,Not Available,Not Available,Not Available,Not Available,Not Available,Not Available,Not Available,Not Available,Not Available,Not Available,Not Available,Not Available,Not Available,Not Available,Not Available,Not Available,Not Available,Not Available,Not Available,Not Available,Not Available,2004,"Honda, Civic",No,Yes,No,No,No,Not Available,Not Available,2,Conventional Mode,"On Saturday, August 11th at 3:38 PM PST a Zoox vehicle, operated in manual mode, was reversing at <l mph when its rear bumper made
contact with a stationary and unoccupied vehicle, causing minor damage to the other vehicle's bumper. There were no injuri es .",Clear,Clear,Daylight,Daylight,Dry,Dry,No unusual conditions,No unusual conditions,Backing,Parked,Rear End,Rear End,None Apparent,,,,,,
zoox_08162023.pdf,"Zoox, Inc. dba Zoox Labs Inc.",Zoox,08/16/2023,8:45 AM,2017,Toyota,Highlander,Sagamore St. and Orizaba St.,San Francisco,San Francisco,CA,94112,Yes,No,No,No,No,2,None,No,No,No,No,No,No,No,No,No,No,No,No,No,No,No,No,No,No,No,No,No,No,No,No,No,No,No,No,No,No,Nissan Altima,2016,Yes,No,No,No,No,Only for Old Reports,Only for Old Reports,2,Conventional Mode,"A Zoox vehicle in manual mode was slowing (with brake lights illuminated) in bumper-to-bumper traffic on westbound Sagamore St.
approaching Orizaba St. when it was struck from behind by a following vehicle (vehicle 2). There was minor damage apparent to the hood
of the striking vehicle and no damage to the Zoox vehicle. There were no injuries and police were not called.",Clear,Clear,Daylight,Daylight,Dry,Dry,No unusual conditions,No unusual conditions,Proceeding Straight,Proceeding Straight,Rear End,Rear End,Stop and Go Traffic,,,,,,
zoox_08202.pdf,Zoox Inc.,Zoox Inc.,08/20/2020,12:05 PM,2019,Toyota,Highlander,Howard St between Moss & Russ Street,San Francisco,San Francisco,CA,94103,No,No,No,No,Parked,2,None,No,No,No,No,No,No,No,No,No,No,No,No,No,No,No,No,No,Yes,No,No,No,No,No,Yes,No,No,No,No,No,No,Tesla,Not Available,No,Yes,No,No,Vehicle,Only for Old Reports,Only for Old Reports,2,Autonomous Mode,"A Zoox vehicle was parked in a parallel parking space on Howard Street, when a passenger vehicle attempted to parallel park behind it. The front bumper of the passenger vehicle made contact with the rear hardware at the center of the Zoox bumper causing no damage to the Zoox vehicle. There were no injuries and the police were not called.",Clear,Clear,Daylight,Daylight,Dry,Dry,No unusual conditions,No unusual conditions,Parking,Parking Manuever,Other,Rear End,None Apparent,,,,,,
Zoox_090718.pdf,"Zoox , Inc",Zoox,09/07/2018,3:47 PM,2017,Chrysler,Pacifica,Mason and Eddy St,San Francisco,San Francisco,CA,94102,No,Yes,No,No,No,2,Minor,Not Available,Not Available,Not Available,Not Available,Not Available,Not Available,Not Available,Not Available,Not Available,Not Available,Not Available,Not Available,Not Available,Not Available,Not Available,Not Available,Not Available,Not Available,Not Available,Not Available,Not Available,Not Available,Not Available,Not Available,Not Available,Not Available,Not Available,Not Available,Not Available,Not Available,Bus,Not Available,Yes,No,No,No,No,Not Available,Not Available,2,Conventional Mode,"On September 7th, 2018, at approximately 3 :47 PM, a Zoox vehicle, operating in manual mode, was struck on the passenger side by a bus.
The Zoox vehicle was traveling southbound on Mason St. and making the left turn onto Eddy St, and had entered the intersection and was
stopped when the bus on the adjacent lane to the right struck the Zoox vehicle as it was turning into Eddy St. from Mason St. The bus
impacted the passenger-side sensor and fender.
The bus was traveling at less than 2 mph when it hit the Zoox vehicle, which was stopped. There were no injuries.",Clear,Clear,Daylight,Daylight,Not Available,Not Available,No unusual conditions,No unusual conditions,Stoppped,Making Left Turn,Side Swipe,Side Swipe,None Apparent,,,,,,
zoox_09112023.pdf,"Zoox, Inc. dba Zoox Labs Inc.",Zoox,09/11/2023,3:20 PM,2017,Toyota,Highlander,At 7th Street and Folsom Street,San Francisco,San Francisco,CA,94103,No,Yes,No,No,Van,2,Minor,No,Yes,Yes,No,No,No,No,No,No,No,No,No,No,No,No,No,No,No,No,No,No,No,No,No,No,No,No,No,No,No,Chevrolet Express,2001,Yes,No,No,No,No,Only for Old Reports,Only for Old Reports,2,Autonomous Mode,"A Zoox vehicle in autonomy was slowing to a gradual stop on eastbound Folsom St. for a red light at 7th St. when it was rear-ended by vehicle 2 at approximately 10 mph. There was minor damage, no reported injuries, and police were not called.",Clear,Clear,Daylight,Daylight,Dry,Dry,No unusual conditions,No unusual conditions,Stopped,Proceeding Straight,Rear End,Other,None Apparent,,,,,,
Zoox_092418.pdf,"Zoox , Inc",Zoox,09/24/2018,9:18 AM,2017,Chrysler,Pacifica,The Embarcadero and Broadway,San Francisco,San Francisco,CA,94111,No,Yes,No,Yes,No,1,None,Not Available,Not Available,Not Available,Not Available,Not Available,Not Available,Not Available,Not Available,Not Available,Not Available,Not Available,Not Available,Not Available,Not Available,Not Available,Not Available,Not Available,Not Available,Not Available,Not Available,Not Available,Not Available,Not Available,Not Available,Not Available,Not Available,Not Available,Not Available,Not Available,Not Available,Bicycle,Not Available,No,No,No,No,No,Not Available,Not Available,1,Conventional Mode,"On Monday, September 24, 2018 at.approximately 9: 18 AM, a cyclist biked into the rear bumper of a stationary Zoox vehicle at the
northwest corner of Embarcadero and Broadway. The Zoox vehicle was in conventional mode waiting for pedestrians to clear the crosswalk
before making a right turn from Embarcadero onto Broadway. After contact, the Zoox vehicle completed the right turn onto Broadway and
pulled over to the side of the road. However, the cyclist continued riding on Embarcadero and did not stop to discuss the incident.",Clear,Clear,Daylight,Daylight,Not Available,Not Available,No unusual conditions,No unusual conditions,Stopped,Proceeding Straight,Rear End,Head-On,None Apparent,,,,,,
Zoox_092717.pdf,"Zoox , Inc",Zoox,09/27/2017,Not Available,2017,Toyota,Highlander,Intersection Green St. & Battery St.,San Francisco,San Francisco,CA,94111,Yes,No,No,No,No,2,Not Available,Not Available,Not Available,Not Available,Not Available,Not Available,Not Available,Not Available,Not Available,Not Available,Not Available,Not Available,Not Available,Not Available,Not Available,Not Available,Not Available,Not Available,Not Available,Not Available,Not Available,Not Available,Not Available,Not Available,Not Available,Not Available,Not Available,Not Available,Not Available,Not Available,Not Available,Nissan Altima,2017,Yes,No,No,No,No,"Driver's side door, driver's side passenger door damaged.",Not Available,2,Conventional Mode,"A Nissan Altima made a left turn into a Zoox autonomous vehicle (""Zoox AV"") that was operating in conventional mode when struck. The collision occurred while the Zoox AV was traveling straight, eastbound, through the intersection at Battery and Green Streets with the right-of-way. The driver of the Nissan Altima was distracted when it turned into and collided with the driver's side passenger door of the Zoox AV. The police were called, but citing a lack of injury, did not respond to the scene.",,,,,,,,,,,,,,,,,,,
Zoox_101218.pdf,"Zoox , Inc",Zoox,10/12/2018,3:04 PM,2017,Chrysler,Pacifica,Mason St. & Post St.,San Francisco,San Francisco,CA,94102,No,Yes,No,No,No,2,Minor,Not Available,Yes,Not Available,Not Available,Not Available,Not Available,Not Available,Not Available,Not Available,Not Available,Not Available,Not Available,Not Available,Not Available,Not Available,Not Available,Not Available,Not Available,Not Available,Not Available,Not Available,Not Available,Not Available,Not Available,Not Available,Not Available,Not Available,Not Available,Not Available,Not Available,Accord,Not Available,No,No,No,No,No,Not Available,Not Available,2,Conventional Mode,"On October 12th, 2018, at approximately 3:04 PM, a Zoox vehicle, operating in Conventional Mode, was rear-ended by a Honda Accord .
The Zoox vehicle was traveling southbound on Mason St and then stopped for a red light at the intersection of Mason St. and Post St. The
right-side of the front bumper of the Honda made contact with left-side of the back bumper of the Zoox vehicle as the Honda attempted to
pass to the left of the Zoox vehicle into the parking lane.
The Honda was traveling at less than 2 mph when it made contact with the stationary Zoox vehicle at the Mason St. and Post St intersection.
There were no injuries. The police were not called.""",Clear,Clear,Daylight,Daylight,Dry,Dry,No unusual conditions,No unusual conditions,Stopped,Changing Lanes,Rear End,Head-On,None Apparent,,,,,,
Zoox_112018.pdf,"Zoox , Inc",Zoox,11/20/2018,22:04,2017,Chrysler,Pacifica,Stockton St. & Lombard St.,San Francisco,San Francisco,CA,94133,No,No,No,No,No,2,None,Not Available,Not Available,Not Available,Not Available,Not Available,Not Available,Not Available,Not Available,Not Available,Not Available,Not Available,Not Available,Not Available,Not Available,Not Available,Not Available,Not Available,Not Available,Not Available,Not Available,Not Available,Not Available,Not Available,Not Available,Not Available,Not Available,Not Available,Not Available,Not Available,Not Available,Infinity M35,2006,Yes,No,No,No,No,Not Available,Not Available,2,Autonomous Mode,"On November 20,2018, at approximately 10:04PM, a Zoox vehicle in autonomous mode made a gradual stop at the stop sign at the
intersection of Stockton St and Lombard St. While waiting and stopped at the stop sign, the Zoox vehicle was rear-ended by an Infiniti
M35. The lnfiniti made contact with the rear bumper of the Zoox vehicle .
The Infiniti was traveling at approximately 5-10mph when it hit the Zoox vehicle. There were no inj uries and no visible damage to either
vehicle.",Clear,Clear,Daylight,Daylight,Dry,Dry,No unusual conditions,No unusual conditions,Stopped,"Slowing/Stooping, Proceeding Straight",Not Available,Not Available,None Apparent,,,,,,
zoox_112022.pdf,"Zoox, Inc. dba Zoox Labs, Inc.",Zoox,11/20/2022,1:24 PM,2016,Toyota,Highlander,The Embarcadero and Washington Street,San Francisco,San Francisco,CA,94111,No,Yes,No,No,No,2,Minor,Yes,No,No,No,No,No,No,No,No,No,No,No,No,No,No,No,No,No,No,No,No,No,No,No,No,No,No,No,No,No,VN,2021,Yes,No,No,No,No,Only for Old Reports,Only for Old Reports,2,Autonomous Mode,"A Zoox vehicle in autonomy was stopped at a red light waiting for traffic ahead on Embarcadero with brake lights illuminated. When the traffic light changed to green, surrounding traffic began to move. The Zoox vehicle appropriately continued to wait for a stopped lead vehicle immediately ahead when vehicle 2 struck the Zoox vehicle from the rear. Zoox vehicle camera footage shows the driver of vehicle 2 holding their cellphone raised in their hand at the time of contact. There were no injuries and police were not called.",Clear,Clear,Daylight,Daylight,Dry,Dry,No unusual conditions,No unusual conditions,Stopped,Proceeding Straight,Rear End,Head-On,Inattention,,,,,,
zoox_12082021.pdf,Zoox Inc.,Zoox Inc.,12/08/2021,10:00 AM,2016,Toyota,Highlander,Intersection of Montgomery and Pacific,San Francisco,San Francisco,CA,94112,No,Yes,No,No,Truck,2,Minor,No,No,Yes,No,No,No,No,No,No,No,No,No,No,No,No,No,No,No,No,No,No,No,No,No,No,No,No,No,No,No,CB,2020,Yes,No,No,No,Truck,Only for Old Reports,Only for Old Reports,2,Conventional Mode,"A Zoox vehicle was stopped in manual mode while exiting the intersection of Montgomery St. and Pacific St. as a large truck entered the intersection. While the truck began to make a left turn behind the Zoox vehicle, it made contact with the Zoox rear radar and camera pod on the driver's side. There were no injuries and the police were not called.",Clear,Clear,Daylight,Daylight,Dry,Dry,No unusual conditions,No unusual conditions,Making Left Turn,Proceeding Straight,Side Swipe,Other,None Apparent,,,,,,
zoox-collision-report-february-21-2020.pdf,Zoox Inc.,Zoox,02/21/2020,9:25 AM,2016,Toyota,Highlander,California St and Mason Street,San Francisco,San Francisco,CA,94108,Yes,No,No,No,car,2,Minor,No,No,No,No,No,No,No,No,No,No,No,No,No,No,No,No,No,Yes,No,No,No,No,No,Yes,No,No,No,No,No,No,Kia Soul Sport,2011,Yes,No,No,No,car,Only for Old Reports,Only for Old Reports,2,Conventional Mode,"A Zoox vehicle was in manual mode, turning left onto Mason Street from California Street, facing south. A car reversed from a horizontal parking spot on the left and made contact with the Zoox vehicle's front left wheel, causing minor damage. There were no injuries and police were not called.",Clear,Clear,Daylight,Daylight,Dry,Dry,No unusual conditions,No unusual conditions,Making Left Turn,Backing,Head-On,Rear End,None Apparent,,,,,,